{
  "name": "dmcas_roc",
  "revision": 0,
  "order": 0,
  "parameterMap": {
    "_DataRole_": {
      "parameter": "_DataRole_",
      "type": "char",
      "label": "Data Role",
      "length": 10,
      "order": 1,
      "values": ["_DataRole_"],
      "preformatted": false
    },
    "_PartInd_": {
      "parameter": "_PartInd_",
      "type": "num",
      "label": "Partition Indicator",
      "length": 8,
      "order": 2,
      "values": ["_PartInd_"],
      "preformatted": false
    },
    "_PartInd__f": {
      "parameter": "_PartInd__f",
      "type": "char",
      "label": "Formatted Partition",
      "length": 12,
      "order": 3,
      "values": ["_PartInd__f"],
      "preformatted": false
    },
    "_Column_": {
      "parameter": "_Column_",
      "type": "char",
      "label": "Analysis Variable",
      "length": 32,
      "order": 4,
      "values": ["_Column_"],
      "preformatted": false
    },
    "_Event_": {
      "parameter": "_Event_",
      "type": "char",
      "label": "Event",
      "length": 1,
      "order": 5,
      "values": ["_Event_"],
      "preformatted": false
    },
    "_Cutoff_": {
      "parameter": "_Cutoff_",
      "type": "num",
      "label": "Cutoff",
      "length": 8,
      "order": 6,
      "values": ["_Cutoff_"],
      "preformatted": false
    },
    "_Sensitivity_": {
      "parameter": "_Sensitivity_",
      "type": "num",
      "label": "Sensitivity",
      "length": 8,
      "order": 7,
      "values": ["_Sensitivity_"],
      "preformatted": false
    },
    "_Specificity_": {
      "parameter": "_Specificity_",
      "type": "num",
      "label": "Specificity",
      "length": 8,
      "order": 8,
      "values": ["_Specificity_"],
      "preformatted": false
    },
    "_FPR_": {
      "parameter": "_FPR_",
      "type": "num",
      "label": "False Positive Rate",
      "length": 8,
      "order": 9,
      "values": ["_FPR_"],
      "preformatted": false
    },
    "_OneMinusSpecificity_": {
      "parameter": "_OneMinusSpecificity_",
      "type": "num",
      "label": "1 - Specificity",
      "length": 8,
      "order": 10,
      "values": ["_OneMinusSpecificity_"],
      "preformatted": false
    }
  },
  "data": [
      {
        "dataMap": {
          "_DataRole_": "TRAIN",
          "_PartInd_": 1,
          "_PartInd__f": "           1",
          "_Column_": "BAD",
          "_Event_": 1,
          "_Cutoff_": "Inf",
          "_Sensitivity_": 0,
          "_Specificity_": 1,
          "_FPR_": 0,
          "_OneMinusSpecificity_": 0
        },
        "rowNumber": 1
      },
      {
        "dataMap": {
          "_DataRole_": "TRAIN",
          "_PartInd_": 1,
          "_PartInd__f": "           1",
          "_Column_": "BAD",
          "_Event_": 1,
          "_Cutoff_": 0.88888888888889,
          "_Sensitivity_": 0.23188405797101,
          "_Specificity_": 0.99704142011834,
          "_FPR_": 0.0029585798816568,
          "_OneMinusSpecificity_": 0.0029585798816568
        },
        "rowNumber": 2
      },
      {
        "dataMap": {
          "_DataRole_": "TRAIN",
          "_PartInd_": 1,
          "_PartInd__f": "           1",
          "_Column_": "BAD",
          "_Event_": 1,
          "_Cutoff_": 0.875,
          "_Sensitivity_": 0.33333333333333,
          "_Specificity_": 0.99556213017751,
          "_FPR_": 0.0044378698224852,
          "_OneMinusSpecificity_": 0.0044378698224852
        },
        "rowNumber": 3
      },
      {
        "dataMap": {
          "_DataRole_": "TRAIN",
          "_PartInd_": 1,
          "_PartInd__f": "           1",
          "_Column_": "BAD",
          "_Event_": 1,
          "_Cutoff_": 0.625,
          "_Sensitivity_": 0.3695652173913,
          "_Specificity_": 0.99334319526627,
          "_FPR_": 0.0066568047337278,
          "_OneMinusSpecificity_": 0.0066568047337278
        },
        "rowNumber": 4
      },
      {
        "dataMap": {
          "_DataRole_": "TRAIN",
          "_PartInd_": 1,
          "_PartInd__f": "           1",
          "_Column_": "BAD",
          "_Event_": 1,
          "_Cutoff_": 0.20833333333333,
          "_Sensitivity_": 0.40579710144928,
          "_Specificity_": 0.9792899408284,
          "_FPR_": 0.020710059171598,
          "_OneMinusSpecificity_": 0.020710059171598
        },
        "rowNumber": 5
      },
      {
        "dataMap": {
          "_DataRole_": "TRAIN",
          "_PartInd_": 1,
          "_PartInd__f": "           1",
          "_Column_": "BAD",
          "_Event_": 1,
          "_Cutoff_": 0.058321479374111,
          "_Sensitivity_": 1,
          "_Specificity_": 0,
          "_FPR_": 1,
          "_OneMinusSpecificity_": 1
        },
        "rowNumber": 6
      }
    ],
  "version": 1,
  "xInteger": false,
  "yInteger": false
}
