{
  "name": "Home Mortgage Equity Qualification (R)",
  "description": "rpart.control(maxcompete=0, maxsurrogate=0, xval=0, minsplit=25, maxdepth=10)",
  "function": "classification",
  "scoreCodeType": "r",
  "trainTable": " ",
  "trainCodeType": "R",
  "algorithm": "Decision tree",
  "targetVariable": "BAD",
  "targetEvent": 1,
  "targetLevel": "BINARY",
  "eventProbVar": "EM_EVENTPROBABILITY",
  "modeler": "minlam",
  "tool": "R",
  "toolVersion": "R version 4.0.2 (2020-06-22)"
}
