yActual,yPredict
1,0.117132672
1,0.108227341
0,0.035062903
1,0.110345952
0,0.028506742
0,0.029971723
0,0.028548193
1,0.48679085
1,0.103400456
0,0.036782007
0,0.07732951
1,0.81185122
0,0.02742061
0,0.005141424
1,0.041517529
0,0.004962792
1,0.024052988
0,0.029369196
0,0.028402176
0,0.005858391
1,0.074853227
1,0.070015485
0,0.242709738
0,0.004901838
0,0.158428103
0,0.005025242
0,0.153849503
0,0.141071872
0,0.183443247
0,0.132565627
1,0.567097207
0,0.252146736
0,0.130812749
0,0.169175214
0,0.023379282
0,0.12332713
0,0.075391336
0,0.132924488
1,0.078480089
0,0.134787114
1,0.666707409
0,0.216909301
0,0.118089377
0,0.015758684
0,0.125863115
1,0.67515834
0,0.052953516
0,0.137602522
0,0.019715027
0,0.126108901
0,0.018378935
0,0.016198776
0,0.013881948
1,0.110090943
0,0.19655504
0,0.086394764
0,0.117675834
0,0.159175267
0,0.014895055
1,0.737963316
0,0.415231925
0,0.088203093
0,0.045498666
0,0.004759768
0,0.004750571
0,0.094009045
0,0.019554309
0,0.128968425
0,0.156620777
0,0.153863402
0,0.075029756
0,0.005765343
0,0.022076543
0,0.023777764
0,0.644044086
1,0.138165598
1,0.257786888
1,0.322684608
0,0.127966093
0,0.592215492
1,0.03866848
0,0.004188254
0,0.015014616
0,0.014779361
0,0.086383043
0,0.049693005
0,0.005149322
0,0.073027502
0,0.019257611
0,0.110194818
0,0.380133933
1,0.411101016
0,0.140567576
0,0.144039543
0,0.04535233
1,0.135937723
0,0.369060841
0,0.099863262
0,0.070973394
0,0.058090596
0,0.035397687
0,0.078045196
1,0.064924962
0,0.109154863
0,0.03218214
0,0.105312872
1,0.374182759
0,0.184333247
0,0.044588042
0,0.049781498
0,0.04403926
0,0.034988577
1,0.060265358
0,0.410940214
0,0.005951581
0,0.140903234
0,0.034445344
0,0.043281712
0,0.571405733
0,0.103842836
0,0.010354992
0,0.006197732
0,0.040367408
0,0.107202087
0,0.008816342
0,0.016749067
0,0.244437168
1,0.850039083
0,0.649878152
0,0.36491053
0,0.118586909
0,0.0687319
0,0.020350962
0,0.08662635
0,0.078495719
0,0.111646693
0,0.398797414
0,0.073452436
1,0.102381821
0,0.148689144
0,0.017974623
0,0.00714715
1,0.995827331
0,0.1945329
0,0.007454207
0,0.152265137
0,0.040496362
0,0.03037879
1,0.034838148
0,0.012589135
0,0.032044004
0,0.134509551
1,0.375640786
0,0.113716594
0,0.005031838
0,0.047318262
0,0.235071573
1,0.499499554
0,0.004889117
0,0.017723152
0,0.011479791
0,0.009115445
0,0.012725796
0,0.13092131
0,0.00551161
0,0.005711426
0,0.118360096
0,0.08620592
0,0.068125172
0,0.003239081
0,0.134274737
0,0.026115814
1,0.233443667
1,0.24884486
0,0.045291245
0,0.005974529
0,0.003286284
0,0.08252408
0,0.10076981
0,0.04337851
0,0.006178082
0,0.035187357
0,0.075452816
0,0.160343488
0,0.011872998
0,0.032060112
0,0.018877555
0,0.120248857
0,0.038400139
0,0.060329444
0,0.184114705
0,0.033081233
0,0.121607035
0,0.089251229
0,0.105731755
0,0.027956877
0,0.11757664
0,0.024804922
0,0.046513924
0,0.003020601
1,0.0564307
0,0.096819033
0,0.007150477
1,0.160482642
0,0.179655125
0,0.029922002
0,0.032218312
0,0.117794712
0,0.037761061
0,0.060153208
0,0.009950073
0,0.019574199
0,0.003280369
0,0.029255835
0,0.064213815
1,0.404912472
0,0.030241309
0,0.06121139
0,0.114147365
0,0.139082261
1,0.067711054
0,0.462132629
0,0.097218973
0,0.066195235
0,0.011625041
1,0.85711834
0,0.013047876
0,0.131371377
0,0.006632807
0,0.103891148
0,0.128185934
0,0.02863103
0,0.025891707
0,0.051544424
0,0.070806526
0,0.014881266
0,0.013638883
0,0.119280695
0,0.250597099
0,0.005596807
0,0.111533739
0,0.018107623
1,0.047085782
0,0.215212693
0,0.409359168
0,0.024776025
0,0.158593034
0,0.074522843
0,0.031025827
0,0.041795242
0,0.011191304
0,0.032264526
1,0.084270181
0,0.017913662
0,0.064420836
0,0.024904925
0,0.113623902
0,0.092452503
0,0.060117499
0,0.032125214
1,0.771287306
0,0.007773065
0,0.017318268
0,0.058136877
0,0.014101662
0,0.080074892
0,0.149810013
1,0.719023647
1,0.091254633
0,0.089920215
1,0.220126071
0,0.007983811
0,0.076639988
0,0.030138053
0,0.087297255
0,0.033459634
0,0.008725812
0,0.092333187
0,0.035342019
0,0.047078468
0,0.026556277
1,0.061508821
0,0.174290343
0,0.019149568
0,0.060510806
1,0.083778965
0,0.365555965
0,0.0809113
0,0.011798023
0,0.030313262
0,0.013981007
0,0.159953242
0,0.026419383
0,0.039517557
0,0.093587309
0,0.317677497
0,0.144286718
0,0.007605293
0,0.043358634
0,0.053492092
0,0.124527944
0,0.033599122
0,0.111046455
1,0.149121307
0,0.110406648
0,0.109893673
0,0.24118905
0,0.028971602
0,0.011730177
0,0.161736905
0,0.086391051
0,0.022627339
0,0.083713258
0,0.015032172
0,0.058539268
0,0.038102649
0,0.141390112
0,0.040587774
0,0.017387834
0,0.003072625
0,0.066093426
0,0.016255271
0,0.118416849
0,0.006389611
0,0.022879407
0,0.150353356
0,0.018349314
0,0.023859539
0,0.081700175
0,0.061533268
0,0.017198653
0,0.018480813
0,0.077755635
0,0.029266106
1,0.393729787
0,0.062335052
1,0.045629613
0,0.127224255
0,0.014442998
0,0.030852327
0,0.176550037
0,0.028122268
0,0.029309242
0,0.042420644
0,0.02560734
0,0.032217563
0,0.008649724
0,0.046974902
0,0.040466171
0,0.006321247
0,0.025952044
0,0.143831347
0,0.096859811
0,0.038108732
0,0.067772202
0,0.029453505
0,0.02340624
1,0.10470321
0,0.086131832
0,0.055268155
0,0.185695028
0,0.015818694
0,0.005482875
0,0.06937394
0,0.02082241
0,0.084806493
1,0.105223275
0,0.027341166
0,0.125907431
0,0.038382674
0,0.027738441
0,0.015890867
0,0.18262394
0,0.045980994
0,0.016323952
0,0.02446672
0,0.124298819
0,0.014829675
0,0.002985795
1,0.053260542
0,0.044645039
0,0.135906456
0,0.0495353
0,0.025149371
0,0.007188922
0,0.050848754
0,0.034300008
0,0.107352066
0,0.002779744
0,0.046833651
0,0.099988751
0,0.048619918
0,0.034591019
1,0.009076687
1,0.049829172
0,0.159353257
0,0.006552324
0,0.013390018
0,0.018372137
0,0.033783011
0,0.008157759
0,0.083525542
0,0.051152959
1,0.144229203
0,0.023650594
1,0.121136143
1,0.298383675
1,0.114282014
0,0.045344744
0,0.072946333
0,0.048779395
0,0.125335778
1,0.893539134
0,0.00675169
0,0.074597166
0,0.040493404
1,0.049028533
0,0.013536211
0,0.201314184
1,0.220702471
0,0.01569736
1,0.334812673
0,0.062469291
0,0.098550848
0,0.02307723
0,0.112535389
0,0.008184244
0,0.078078017
1,0.273718366
0,0.15329192
1,0.039282706
0,0.174977711
0,0.117395385
0,0.111068355
0,0.125196097
0,0.036411777
0,0.111990083
0,0.036213796
0,0.054297016
0,0.122063794
0,0.323400847
0,0.036767983
0,0.055429785
0,0.202262593
0,0.242223861
0,0.143879732
0,0.059889527
0,0.002767102
0,0.051528639
0,0.103120956
0,0.119741086
0,0.100474983
0,0.100501566
0,0.014678949
1,0.070924303
0,0.03227648
0,0.052312713
1,0.044985304
0,0.151733521
0,0.127205499
0,0.033694605
0,0.080727228
0,0.050791031
1,0.083383399
0,0.105738083
0,0.006695367
0,0.006553496
0,0.033588476
0,0.33311854
0,0.165576194
0,0.041254218
0,0.159727598
0,0.061339573
0,0.007742463
0,0.116041141
0,0.044559034
0,0.039614685
0,0.039802413
0,0.002573243
0,0.048995772
0,0.271923897
1,0.022580486
0,0.070169492
0,0.067504031
0,0.049211697
0,0.070906011
0,0.009034995
0,0.214533174
0,0.036751134
0,0.11767303
1,0.05482601
0,0.066011793
0,0.385602761
0,0.059066672
0,0.054715103
0,0.034724066
0,0.082953574
1,0.326702447
0,0.177829984
0,0.105806676
0,0.041195883
0,0.101304543
0,0.214911201
0,0.035455999
0,0.077199214
0,0.018774858
0,0.055544032
0,0.082166781
0,0.255334773
0,0.027231888
0,0.037016952
0,0.067689209
0,0.079830781
0,0.064153442
0,0.024437166
0,0.035052387
1,0.436554739
0,0.029147507
0,0.052204671
0,0.049378174
0,0.011282141
0,0.101898358
0,0.00353199
0,0.163929826
0,0.040570914
0,0.059013669
0,0.233482126
0,0.041532517
0,0.226283796
0,0.034870402
0,0.110640029
0,0.078297656
0,0.074835497
0,0.050530487
0,0.01633445
0,0.150986489
0,0.214375117
0,0.023722292
0,0.0611615
0,0.040406269
0,0.04972404
1,0.07253511
0,0.052492477
0,0.044887129
0,0.015307191
0,0.029710527
1,0.348918752
0,0.022125614
0,0.019883132
0,0.040725847
0,0.00260954
0,0.046425933
0,0.040266959
0,0.014158257
1,0.055834409
0,0.081324223
1,0.053186985
0,0.008586996
1,0.045659203
0,0.027542644
0,0.130550332
0,0.008096323
0,0.051542857
0,0.174553669
0,0.014195176
0,0.058827505
0,0.161435252
0,0.060445697
0,0.0374571
0,0.080622552
0,0.084899481
0,0.120466934
0,0.134076685
0,0.084179548
0,0.115353784
0,0.099349199
0,0.183021094
0,0.294218391
0,0.020313291
0,0.120973752
0,0.095247102
0,0.036089321
0,0.037313123
0,0.122248588
0,0.143546038
0,0.019928342
0,0.09826043
0,0.010772508
1,0.96366644
0,0.10095017
0,0.030218845
0,0.03570939
0,0.086817274
0,0.063530715
0,0.286744753
0,0.014380912
0,0.230309362
0,0.1182134
1,0.19725289
0,0.010316664
0,0.113216481
0,0.080335576
0,0.03021315
0,0.081509588
1,0.539186257
0,0.069636821
0,0.040881152
0,0.017564621
0,0.042212239
0,0.030101195
0,0.041859304
0,0.053560477
0,0.045186832
0,0.053107821
0,0.168475401
0,0.030031654
0,0.131474129
0,0.43918085
0,0.051143604
0,0.069265535
0,0.117634649
0,0.058363366
0,0.037765744
0,0.121974848
0,0.013547696
0,0.035041104
0,0.63780553
0,0.059198654
0,0.085636881
0,0.082925761
0,0.136390305
1,0.221185653
0,0.027769629
0,0.010208523
0,0.034348113
0,0.058512605
0,0.013884209
0,0.174630955
0,0.009429104
0,0.079548046
0,0.075193868
0,0.023741348
1,0.351542269
0,0.112916344
0,0.022461629
0,0.065770045
0,0.084368493
0,0.029096546
1,0.367905012
0,0.03393721
0,0.016298062
0,0.079179706
0,0.088355273
0,0.014834361
0,0.070249858
1,0.751736299
0,0.116550043
0,0.013152723
0,0.036688599
0,0.099310696
0,0.094733298
0,0.027178104
0,0.061113428
0,0.113251446
0,0.027506019
0,0.072827405
0,0.24763415
0,0.10980051
0,0.471948678
0,0.067421923
0,0.165127238
0,0.065958473
0,0.038903232
0,0.023970247
0,0.311044297
0,0.052021341
0,0.100436131
0,0.040346258
0,0.03627391
0,0.076216487
0,0.040471372
0,0.067586281
1,0.048843832
0,0.038600576
0,0.07246577
0,0.071349998
0,0.10797883
0,0.202073242
0,0.012884508
0,0.1176159
0,0.125508241
0,0.047433295
1,0.058070889
0,0.302602805
0,0.138094966
0,0.141523794
0,0.038390843
0,0.119437567
0,0.058344353
0,0.041947263
0,0.047536104
0,0.01537769
0,0.084105541
0,0.030774877
0,0.028965672
0,0.106834534
0,0.079226188
0,0.141623776
0,0.034552875
0,0.06209495
0,0.047300621
0,0.075863461
0,0.065639677
0,0.012064781
0,0.049009681
0,0.078214353
0,0.052936254
0,0.073426878
0,0.079249609
1,0.198745762
0,0.012793696
0,0.077222526
0,0.079716723
1,0.365361723
0,0.078210497
0,0.01499606
0,0.031915932
0,0.069389521
0,0.04516909
0,0.014056903
0,0.038807486
0,0.092674727
0,0.200748901
1,0.035883157
0,0.058009931
0,0.00375881
0,0.025602972
0,0.017351793
0,0.130272644
0,0.328639119
0,0.147853514
0,0.064547103
0,0.027189207
0,0.030694336
1,0.275070588
0,0.078285416
0,0.025264698
0,0.028144499
0,0.151789155
0,0.188528124
0,0.040331235
0,0.024001373
0,0.092251211
0,0.093810477
0,0.026128211
0,0.100646695
0,0.133195038
0,0.105770261
0,0.017457427
0,0.09211005
0,0.07240084
0,0.068928556
0,0.009281056
0,0.104449269
0,0.0100696
0,0.036856997
0,0.197264128
0,0.055542008
0,0.056457791
0,0.08748945
0,0.017388578
0,0.037861034
0,0.016780415
0,0.030393262
0,0.010692005
0,0.056129934
1,0.387293677
0,0.051657584
0,0.041022343
0,0.01099242
1,0.263449578
0,0.013182296
0,0.020264813
0,0.048246598
0,0.029895298
0,0.020318237
0,0.087396395
0,0.372924939
0,0.044539624
0,0.090783124
0,0.048305162
0,0.029589239
0,0.141046011
0,0.034457821
0,0.661410762
0,0.021949465
0,0.034309172
0,0.03388279
1,0.081062675
0,0.05495397
0,0.060756161
0,0.035022083
0,0.114962928
0,0.026692992
0,0.060622236
0,0.016842929
0,0.082495659
0,0.057109739
0,0.099134658
0,0.068676263
0,0.016957929
0,0.06006329
0,0.030992101
0,0.139194703
0,0.040015065
0,0.042781466
0,0.032472938
0,0.049198524
0,0.070526296
0,0.089120867
0,0.024672709
0,0.037492288
0,0.185564801
0,0.065988407
0,0.066151723
0,0.122464544
0,0.048937464
0,0.019961598
0,0.238699202
0,0.088193014
1,0.77432028
1,0.760857934
0,0.039816385
0,0.039431996
0,0.010324659
0,0.056830171
0,0.093604895
0,0.020879238
0,0.037767701
0,0.083357469
0,0.120673888
0,0.045371189
0,0.048974342
1,0.598737705
0,0.061919104
0,0.033375574
0,0.028877523
1,0.887044569
0,0.032091841
0,0.024038045
0,0.040162224
0,0.128259063
0,0.030332597
0,0.170139793
0,0.259382176
0,0.085663046
0,0.069984398
0,0.03548158
0,0.055887478
1,0.928245051
0,0.020978883
0,0.061104576
0,0.029452366
0,0.028696771
0,0.039982881
0,0.005861497
0,0.028951091
0,0.063076572
0,0.229623924
0,0.065320899
0,0.042849872
0,0.071964102
1,0.204099299
0,0.056563762
0,0.00757764
0,0.014052676
0,0.006635274
0,0.077395794
0,0.145667443
1,0.04876375
0,0.028553042
0,0.14797619
0,0.019635884
0,0.129279273
0,0.076078584
0,0.046288021
0,0.020595042
0,0.066266044
0,0.09895052
0,0.03227933
0,0.184896464
0,0.015224528
0,0.006827335
0,0.008728917
0,0.037830164
0,0.028368816
1,0.277202453
0,0.147248587
0,0.422782371
0,0.103864736
0,0.008922984
0,0.044799313
0,0.058899832
0,0.07893973
0,0.061257484
1,0.372343389
0,0.139759831
0,0.042136007
0,0.141159407
0,0.121626422
0,0.007862293
0,0.44950755
0,0.01891993
0,0.032291776
0,0.029889097
0,0.028788843
0,0.224895703
0,0.120980306
0,0.028978724
0,0.362512986
0,0.019981324
0,0.071908977
0,0.11117909
0,0.169918181
0,0.022666395
0,0.053740386
0,0.014008428
0,0.03714806
0,0.019052405
0,0.063582843
0,0.027860405
0,0.005391992
0,0.092662166
0,0.046561213
0,0.025914469
0,0.03406104
0,0.025099224
0,0.043016597
0,0.219643391
0,0.015524371
1,0.04823213
0,0.049362855
0,0.075732235
0,0.183629675
0,0.071757537
0,0.042683686
1,0.034972704
0,0.079611089
0,0.193628678
1,0.173968515
0,0.008684722
0,0.040109337
0,0.015999351
0,0.028302191
0,0.010131669
0,0.099778665
0,0.040879002
0,0.104164398
0,0.089039363
0,0.02653509
0,0.025432029
0,0.012580666
0,0.290185538
0,0.093910254
1,0.050248153
0,0.044011584
0,0.103006363
0,0.010361727
1,0.168632488
0,0.06134919
0,0.032452694
0,0.027798023
0,0.035578033
0,0.009138257
0,0.014066396
0,0.020258176
1,0.068854709
1,0.27497817
0,0.014906045
0,0.126545015
0,0.096733151
0,0.148923353
1,0.918571915
0,0.012434369
0,0.045467159
0,0.048153369
0,0.034906173
0,0.021293515
0,0.089068329
0,0.085968137
0,0.019444724
0,0.077844336
0,0.063318825
0,0.263518896
0,0.079475729
0,0.020010861
0,0.027898299
0,0.099551574
0,0.300267406
0,0.051283314
0,0.057076306
0,0.104638091
0,0.11008713
0,0.014086495
0,0.225043571
0,0.042092252
0,0.009169894
0,0.291937437
0,0.287501891
0,0.074991618
0,0.100956824
0,0.044633513
0,0.076551717
0,0.123513035
0,0.032721419
0,0.01946841
0,0.086953542
0,0.01173732
0,0.11486575
0,0.611871981
0,0.02125757
0,0.098389944
1,0.052969305
0,0.038300738
0,0.067563788
0,0.074080118
0,0.046587004
0,0.088725358
0,0.079805789
0,0.261587734
0,0.038655835
0,0.063363973
0,0.011855751
0,0.136023426
0,0.060409385
0,0.117892422
0,0.026624949
0,0.074189684
0,0.033743896
0,0.049727916
0,0.036955973
0,0.033933295
0,0.027937413
0,0.058736708
1,0.063972125
0,0.150738779
0,0.010200489
0,0.023819549
1,0.022048714
1,0.312393409
0,0.040808321
0,0.117116617
0,0.034145472
0,0.007791559
0,0.025064808
0,0.155251519
0,0.041031377
0,0.047039647
0,0.027253237
0,0.098266313
0,0.252680492
0,0.090857207
0,0.077126803
0,0.095549159
0,0.045047727
0,0.028803783
0,0.075014189
0,0.292011556
0,0.064590668
1,0.124137089
0,0.011164572
0,0.039449625
0,0.017792775
0,0.091548491
0,0.050392816
0,0.041782211
0,0.041888752
0,0.03288183
0,0.077236535
0,0.010884694
1,0.085844391
0,0.02951836
0,0.042219538
0,0.071180225
0,0.076377149
0,0.140871377
0,0.023348492
0,0.050716581
0,0.08545299
0,0.51853794
0,0.042842124
0,0.158889205
0,0.019043517
0,0.015188422
0,0.023135511
0,0.069062187
0,0.090062057
0,0.093624703
1,0.091796197
0,0.023181115
0,0.014954729
0,0.113148416
0,0.043220486
0,0.314283529
0,0.055017486
0,0.123897502
0,0.009524778
1,0.222666673
0,0.063409124
0,0.017047805
0,0.635364839
0,0.092113774
0,0.072220452
0,0.04172668
0,0.143396549
0,0.024605263
0,0.083259614
0,0.032604021
0,0.308426237
0,0.030158762
0,0.073351563
0,0.014308619
0,0.045050127
0,0.029621776
0,0.080511699
0,0.044830178
0,0.042658881
0,0.265821767
0,0.342392516
0,0.01371359
0,0.024398655
0,0.031620286
0,0.081010433
0,0.046121725
0,0.019613719
0,0.536032893
0,0.022607739
0,0.111547748
0,0.083700401
0,0.028577253
0,0.441273515
0,0.075135004
0,0.09155408
1,0.072682566
0,0.102694554
0,0.004278671
0,0.086098925
0,0.072676329
0,0.021293279
0,0.02542032
0,0.077202946
0,0.129064292
0,0.054545817
0,0.108954848
0,0.042722381
0,0.030831088
1,0.080474284
0,0.016989993
0,0.024270468
1,0.356995081
0,0.061319288
0,0.052900421
1,0.318113795
0,0.007684513
0,0.026588597
0,0.446936837
0,0.019502448
0,0.038057212
0,0.273666234
0,0.232888167
1,0.213024451
0,0.124678747
0,0.083744383
0,0.044789406
0,0.079646936
0,0.050485193
0,0.302347663
0,0.037856925
0,0.038085696
0,0.10980629
0,0.020741544
0,0.079774617
0,0.158551613
0,0.056437898
0,0.015616591
0,0.080711915
0,0.090430762
0,0.064463301
0,0.041540889
0,0.078799124
0,0.033307204
0,0.035839488
0,0.038254889
0,0.162193708
0,0.041920139
0,0.3271913
0,0.033182637
0,0.021187292
0,0.076852675
0,0.093866161
0,0.016288246
0,0.102395523
0,0.01227836
0,0.023537689
0,0.127620432
0,0.034925412
0,0.005133354
0,0.02261829
0,0.131701855
0,0.048104369
1,0.379988747
0,0.078151963
0,0.095004575
0,0.038470445
0,0.008133029
0,0.067646868
0,0.047504626
0,0.037320429
0,0.619129123
0,0.046476953
0,0.024213428
0,0.040545399
0,0.123943381
0,0.080021176
0,0.047826924
0,0.032035653
0,0.169185349
0,0.069276765
0,0.074410219
0,0.131033113
0,0.020284772
0,0.152056511
0,0.038924684
0,0.329761603
0,0.014456155
0,0.09634281
0,0.069608436
0,0.012357191
0,0.008835576
0,0.014712957
0,0.010036827
0,0.099534717
0,0.077241543
0,0.015181111
0,0.07389239
1,0.326083741
1,0.237721552
1,0.207650851
0,0.009900195
0,0.044761942
0,0.079286462
1,0.097250907
0,0.034080029
0,0.012674797
0,0.08937845
0,0.082027055
0,0.018022236
0,0.140406361
1,0.999873771
0,0.043466619
0,0.031783179
1,0.159186759
0,0.116130285
0,0.044811813
1,0.077804752
0,0.091826064
0,0.022073639
0,0.064080125
0,0.034177267
0,0.043951171
0,0.019697952
0,0.013056484
0,0.031746464
0,0.039961071
0,0.030758539
0,0.032965406
0,0.011939561
0,0.036933478
0,0.053127979
0,0.102582576
0,0.068259732
1,0.731407806
0,0.114520742
0,0.01382358
0,0.022024936
1,0.110786714
0,0.012724544
0,0.032384415
0,0.016242083
0,0.101997051
0,0.147403615
0,0.048466269
0,0.034490237
1,0.212752657
0,0.025240438
0,0.055410317
0,0.082686568
0,0.038550784
0,0.014888113
1,0.062598142
0,0.028241854
0,0.100120597
0,0.036915981
1,0.126125879
0,0.085888218
0,0.028653759
0,0.019811959
0,0.043225362
0,0.010150815
0,0.030243075
0,0.01092424
0,0.047142004
0,0.037129036
0,0.057826483
0,0.017317726
0,0.011641192
0,0.049604647
0,0.032577371
0,0.340372502
0,0.011398127
0,0.033981513
0,0.086027731
0,0.021342973
0,0.023180883
0,0.069812579
0,0.100483111
0,0.049088148
0,0.023064596
0,0.030892021
0,0.073154493
0,0.015223875
0,0.044095878
0,0.024842213
0,0.029028221
0,0.081634743
0,0.027767413
0,0.061050989
0,0.019087555
0,0.031086749
1,0.989848158
0,0.023678072
0,0.212060751
0,0.095143131
0,0.033649525
0,0.03808424
0,0.00984511
0,0.046229416
0,0.012646538
0,0.021259264
0,0.024424335
0,0.007668634
0,0.097893882
1,0.048483732
0,0.005097127
0,0.018624491
0,0.104870507
0,0.026548036
0,0.134610451
0,0.055164043
0,0.025145169
1,0.052779828
1,0.040283943
0,0.00597907
0,0.080258858
0,0.038658365
0,0.031877493
0,0.071791678
0,0.022563808
0,0.08006346
0,0.017679463
0,0.01360797
0,0.027555762
0,0.222364665
0,0.129034405
0,0.01072524
0,0.107947669
0,0.083365257
0,0.039050435
0,0.036706102
0,0.063534757
0,0.051434189
0,0.009629778
0,0.034172282
0,0.150479521
0,0.237201382
0,0.009965718
0,0.10145276
0,0.012404986
0,0.037807841
0,0.026004431
1,0.039690295
1,0.347253882
0,0.040765113
0,0.037020223
0,0.15260051
0,0.019687003
0,0.067062599
1,0.130581991
0,0.012447008
0,0.041561473
0,0.029193982
0,0.048845227
0,0.106696757
0,0.019074139
0,0.006986342
0,0.052484357
0,0.050037993
1,0.562076787
0,0.013388264
0,0.097806796
0,0.033522942
0,0.038562603
0,0.13066579
0,0.014568898
0,0.083139084
0,0.072011991
0,0.156796576
0,0.034870293
0,0.113435945
0,0.10599162
0,0.046637527
0,0.017263402
0,0.020645503
0,0.091180543
1,0.260277432
0,0.125600721
0,0.106959718
0,0.064578586
0,0.011186299
0,0.085214544
0,0.035383522
0,0.033501417
0,0.094992357
0,0.06778863
0,0.097777016
0,0.059194128
0,0.013658829
0,0.045049352
0,0.066009069
0,0.173417109
0,0.037735268
0,0.037889755
0,0.012653066
0,0.017433266
0,0.035832435
0,0.015293058
0,0.042925223
0,0.075094047
1,0.434320207
0,0.074474505
0,0.025756298
0,0.014870374
0,0.008507898
0,0.034316901
0,0.29804839
0,0.035682435
0,0.033909514
0,0.032172143
0,0.15336073
0,0.009812413
0,0.035260155
0,0.019253469
0,0.175404644
0,0.006472024
0,0.001744395
0,0.047822953
0,0.103302056
0,0.111527323
0,0.040147543
0,0.011291616
0,0.065824988
0,0.068988563
0,0.557060184
0,0.086100418
0,0.12706145
1,0.050325102
0,0.054073186
1,0.282622448
0,0.006559308
0,0.070343944
0,0.024176212
0,0.013869248
0,0.012898251
0,0.00527064
0,0.03470908
1,0.138088069
0,0.010503423
1,0.078510355
0,0.007882828
0,0.012191596
0,0.018314334
0,0.012458139
0,0.045848392
0,0.092525804
0,0.066314602
0,0.016488254
0,0.057244574
0,0.005493565
0,0.217492935
0,0.07514065
1,0.040950457
0,0.048437065
0,0.116093452
0,0.012468933
0,0.135622101
0,0.095341417
0,0.035513176
0,0.103056376
0,0.019264147
0,0.04920607
0,0.035189853
0,0.01710641
1,0.809604335
0,0.038853411
0,0.089509407
0,0.016753825
0,0.059972383
0,0.026052007
0,0.032513488
0,0.059497045
0,0.057915328
0,0.036242313
0,0.118674576
0,0.097596359
0,0.12010814
0,0.038142587
1,0.252346455
0,0.047635648
0,0.048670614
0,0.072379983
1,0.490148377
0,0.04190881
1,0.873556983
0,0.092296288
0,0.008790582
0,0.041363211
0,0.020906044
0,0.118219497
0,0.020806533
0,0.047796977
1,0.030910778
0,0.111687754
0,0.04839214
0,0.08052504
0,0.026334194
0,0.021930224
0,0.04329914
0,0.110781191
0,0.070394319
0,0.010369539
0,0.043258075
0,0.078947518
0,0.01197094
1,0.209976703
0,0.053482972
0,0.181315528
0,0.013039362
0,0.170002037
0,0.015700172
1,0.880066616
1,0.137130778
0,0.006870849
0,0.10468046
0,0.016825731
0,0.089191431
0,0.711165437
0,0.001276977
0,0.221464644
0,0.081255363
0,0.001295764
0,0.026307583
0,0.029190409
0,0.113744601
0,0.013727866
0,0.060619154
0,0.068951432
0,0.036846393
0,0.542132531
0,0.511232313
0,0.035919314
0,0.214815914
0,0.102040064
0,0.067653143
0,0.011694572
0,0.021986974
0,0.040202851
0,0.047237481
0,0.0287868
0,0.105352393
1,0.009559672
0,0.407050711
0,0.126484481
0,0.063033039
0,0.017217954
0,0.106919402
0,0.005867184
0,0.017498683
0,0.031829332
0,0.039219753
0,0.23778916
0,0.01585188
0,0.096686163
0,0.063789764
0,0.019623122
0,0.101241011
0,0.060899945
0,0.105268177
0,0.009602915
0,0.017730917
0,0.030225343
0,0.010046385
0,0.384068188
0,0.115378647
1,0.384382646
0,0.115190515
0,0.079673765
1,0.172696647
0,0.013677313
0,0.037371621
0,0.048468011
0,0.03452775
0,0.015643269
0,0.052944646
1,0.044889403
0,0.117492069
0,0.017651856
0,0.014306232
0,0.027831222
0,0.014116767
0,0.20581608
0,0.129817821
0,0.010004313
0,0.02367475
0,0.075054452
0,0.007360715
0,0.046973204
0,0.034218844
0,0.012739488
0,0.089597115
0,0.00899444
1,0.95828655
0,0.027700189
0,0.026262809
1,0.046397037
1,0.992652606
0,0.012641084
0,0.112911931
0,0.062347185
0,0.01414778
1,0.099889184
1,0.044178725
0,0.018443883
0,0.034214811
1,0.07100886
0,0.028058068
0,0.035192006
0,0.097597979
1,0.179415636
0,0.048787216
0,0.021357983
0,0.07528428
0,0.033899186
0,0.024699257
0,0.117473444
0,0.046567641
1,0.538471065
0,0.007927693
0,0.112673611
0,0.018751937
0,0.010617391
0,0.104326559
0,0.03391593
0,0.016465911
0,0.013647336
0,0.052217457
0,0.053190739
0,0.056650335
0,0.16527159
0,0.016461334
1,0.182959615
0,0.184459043
0,0.001534258
0,0.18740674
0,0.085263689
0,0.04620302
1,0.034798562
1,0.096191745
0,0.01473963
0,0.015907748
0,0.050853008
0,0.009088508
1,0.114456133
0,0.012550326
0,0.051598257
0,0.034341532
0,0.061431534
0,0.027055394
0,0.048770523
0,0.016741608
0,0.015872034
0,0.043092808
0,0.007242766
0,0.061672834
0,0.035403985
0,0.119856026
0,0.086003213
0,0.012371676
0,0.11783992
0,0.06831058
0,0.03086357
0,0.051394094
0,0.040593355
0,0.04265301
0,0.021421538
0,0.054188239
0,0.013949299
0,0.097507297
0,0.038791351
0,0.087752012
0,0.104527172
0,0.074737711
0,0.006053796
0,0.041792323
0,0.017203442
0,0.029845799
0,0.064034066
0,0.128800315
1,0.353895529
0,0.132381825
1,0.025652727
0,0.05409149
0,0.06048881
0,0.045568126
1,0.972336741
1,0.22092611
0,0.060317738
0,0.006793384
0,0.015089798
0,0.078773661
0,0.078138784
0,0.014873756
0,0.015486588
0,0.01452498
0,0.01727209
0,0.103774123
0,0.02306369
0,0.049093898
0,0.016646659
1,0.079815791
0,0.010289753
0,0.040213527
0,0.023106445
0,0.014598372
0,0.011246087
0,0.051363314
0,0.011399125
0,0.045112449
0,0.020366101
0,0.047510711
0,0.018766386
0,0.050582038
0,0.047306473
0,0.029070365
0,0.035873456
0,0.01268865
0,0.016295467
0,0.011609876
0,0.070188873
0,0.014336514
0,0.155230338
0,0.031150926
0,0.087066892
0,0.049061134
0,0.037660007
0,0.0207798
0,0.090679824
0,0.04700014
0,0.028383496
0,0.034100182
0,0.076920214
0,0.046740775
0,0.039585614
0,0.001340108
0,0.045949644
0,0.038798535
0,0.012206183
0,0.042064316
0,0.054540617
0,0.04380854
0,0.075342469
1,0.079642481
0,0.012912237
0,0.010404248
0,0.030942705
0,0.073074203
0,0.035025705
0,0.139124456
0,0.140321459
0,0.081683395
0,0.065016043
0,0.043567076
0,0.040881764
0,0.029977466
1,0.228440178
1,0.024057795
0,0.031493941
0,0.101838163
0,0.092379084
0,0.036392014
0,0.016153885
0,0.710117563
0,0.083649322
0,0.020278425
0,0.038124259
0,0.035744145
0,0.012163292
0,0.074594215
0,0.061199595
0,0.089139839
0,0.044877813
0,0.083781014
0,0.100707415
0,0.011999037
0,0.012628371
0,0.060514564
1,0.952342289
0,0.074661821
0,0.799874105
0,0.032478936
0,0.015030902
0,0.029927483
0,0.042322228
0,0.065903615
0,0.03199505
0,0.031069044
0,0.07416248
0,0.044699762
0,0.047854215
0,0.038323163
0,0.031232968
0,0.04145244
0,0.074328643
1,0.828969407
0,0.044881503
0,0.014182042
0,0.007206405
0,0.122202628
0,0.047887857
0,0.120639156
1,0.203167197
0,0.108147513
0,0.065202418
0,0.027554167
0,0.057664589
0,0.033207941
0,0.032713037
0,0.035400252
0,0.174376044
0,0.016271397
0,0.074608187
0,0.035072418
0,0.079302664
0,0.025863969
0,0.033123779
0,0.041920859
0,0.093126341
0,0.513549383
0,0.070637223
0,0.059049299
0,0.071281875
0,0.071415349
1,0.80685771
0,0.025408552
0,0.029194798
0,0.481132341
0,0.087054547
0,0.015034852
0,0.028255034
0,0.023573464
0,0.048104767
0,0.012096916
0,0.104084968
0,0.198777968
0,0.088111033
0,0.045958153
0,0.029613019
0,0.010884999
0,0.011362704
0,0.540052844
0,0.065514262
0,0.033721358
0,0.089056544
0,0.040957777
0,0.070027309
0,0.091923742
1,0.189934804
0,0.024619333
0,0.10602028
0,0.048072991
0,0.035517823
0,0.069653562
0,0.067918745
0,0.013626042
0,0.062827336
0,0.110233959
0,0.017917338
0,0.011899164
0,0.0381553
0,0.631970793
0,0.013689255
0,0.01849125
0,0.056569837
0,0.052329138
0,0.013247436
0,0.018333978
0,0.010014432
0,0.06281097
0,0.006562912
0,0.02927771
1,0.616365408
0,0.037691208
0,0.013154586
0,0.026193254
0,0.197945207
0,0.042130398
1,0.095971382
0,0.062286668
0,0.076158269
0,0.038895145
1,0.160812393
0,0.031414063
0,0.066188284
0,0.009443357
0,0.031462385
0,0.065278573
0,0.02013221
0,0.012686728
0,0.066772687
1,0.086471944
0,0.03815803
0,0.372740987
0,0.040847613
0,0.03745349
0,0.011547046
0,0.044433434
0,0.054152779
0,0.015117944
0,0.728348233
0,0.04720621
1,0.985482563
0,0.007197446
0,0.096806004
0,0.087775596
0,0.103813538
0,0.041681107
0,0.05457952
0,0.046975237
0,0.093327962
0,0.02789815
0,0.056616023
0,0.031555843
0,0.018086033
0,0.150271939
0,0.053661634
1,0.810021082
0,0.030374137
0,0.080464292
0,0.007005747
0,0.055962167
0,0.014236942
0,0.123396245
0,0.009566086
0,0.007273756
0,0.02379996
0,0.046375669
0,0.038854514
1,0.952382483
0,0.05119489
0,0.034581048
0,0.01195572
0,0.053449459
0,0.027697062
0,0.087802824
0,0.093233947
0,0.024614799
0,0.053357226
0,0.085475115
0,0.04146663
0,0.105977867
0,0.100756586
0,0.03482074
0,0.079118602
0,0.043057813
0,0.063712561
0,0.037890363
0,0.008730693
0,0.067638264
0,0.018861353
0,0.472564949
1,0.069236875
0,0.01544058
0,0.038429767
0,0.042609809
0,0.014127236
1,0.06808669
1,0.083311985
0,0.047643475
0,0.085112663
0,0.013304766
0,0.05895926
0,0.046815331
0,0.047837264
0,0.040030531
0,0.050663707
0,0.028561123
0,0.014298613
0,0.049797879
0,0.145706917
0,0.01079037
0,0.049744703
0,0.059893337
0,0.041785452
0,0.013496378
0,0.012322818
0,0.303516274
1,0.41056866
0,0.114653261
0,0.221951614
1,0.178167558
0,0.077548237
0,0.044150237
0,0.0765893
0,0.014258468
0,0.073583768
0,0.016363732
0,0.04550861
0,0.03224776
1,0.487107169
0,0.023818508
0,0.027177087
0,0.059154827
0,0.048373161
1,0.050444876
0,0.012600888
0,0.015417307
0,0.4482375
1,0.458745174
0,0.026632055
0,0.174065268
0,0.035075492
0,0.020232702
0,0.049672385
0,0.392067571
0,0.021493828
1,0.840554579
0,0.141575328
0,0.033840627
1,0.464802766
0,0.181488085
0,0.046369007
0,0.009373361
0,0.011522461
0,0.108054255
0,0.068266698
0,0.06857691
1,0.200922952
0,0.00914072
1,0.128104826
0,0.064236623
0,0.044396584
0,0.149548846
0,0.244931395
0,0.014080122
0,0.031224211
0,0.018324999
0,0.0416551
0,0.086411365
0,0.081927413
0,0.095108372
0,0.113986097
0,0.011912093
0,0.104534876
1,0.922909177
0,0.196827522
0,0.012828011
0,0.024148763
0,0.065888374
0,0.052817421
1,0.433788346
0,0.052287456
0,0.015031809
0,0.021328168
0,0.078439691
0,0.067457979
0,0.007309197
0,0.045259814
0,0.007111103
0,0.012434547
0,0.007371038
0,0.019727119
0,0.065684752
0,0.058741277
1,0.262753279
0,0.054064526
0,0.203257376
0,0.176936381
0,0.118242186
0,0.056113552
0,0.017233089
0,0.041721027
0,0.011700089
0,0.094786914
0,0.027805244
0,0.462106967
0,0.037906501
0,0.051330961
0,0.038228513
0,0.083212572
0,0.020329165
0,0.047815503
0,0.052230487
0,0.047973682
0,0.050940659
0,0.043674612
0,0.054740966
0,0.308555786
0,0.402988169
0,0.056756746
1,0.064480318
0,0.040571845
0,0.133062482
0,0.050346934
0,0.049714094
0,0.112095726
0,0.014340711
0,0.006888894
1,0.000837293
0,0.019785792
0,0.053921974
0,0.009720881
0,0.029283864
0,0.050694399
0,0.063797616
0,0.05975348
0,0.272950041
1,0.078567575
0,0.075713544
0,0.102157042
0,0.040696509
0,0.061749874
0,0.0047911
0,0.04607381
0,0.062429228
1,0.063910073
0,0.033938678
0,0.091901746
0,0.006996384
0,0.043349063
0,0.105453468
0,0.012002783
1,0.531393971
0,0.019248268
0,0.031943541
0,0.04737075
0,0.158177265
0,0.034409622
1,0.121791849
0,0.047772013
0,0.039036974
0,0.007512259
0,0.028556379
0,0.093502088
0,0.032187289
0,0.045966441
0,0.064312268
0,0.074813177
0,0.02870091
0,0.015757228
0,0.039028987
0,0.036052628
0,0.034101061
0,0.021852598
0,0.062697161
0,0.039857671
0,0.043641139
0,0.180948069
0,0.016701622
0,0.02930666
0,0.053689155
0,0.06363732
0,0.02030025
0,0.084248438
0,0.03439381
0,0.056816373
0,0.021659476
0,0.02394277
0,0.048232055
0,0.074075007
0,0.032816062
0,0.017481263
1,0.683607951
0,0.031688094
0,0.031906872
0,0.176903666
0,0.049448841
0,0.025885396
0,0.009238338
0,0.032624873
0,0.060719006
0,0.050395331
0,0.157495692
0,0.027289344
0,0.002527067
0,0.015151201
0,0.013499282
0,0.285828456
0,0.032611724
0,0.022425519
0,0.011473509
0,0.023397737
0,0.001333848
0,0.026535944
1,0.149681195
0,0.008146905
0,0.089124389
0,0.028968892
0,0.03098531
0,0.034583862
1,0.635341906
1,0.11807293
1,0.060241085
1,0.423064686
0,0.100516379
0,0.029418028
0,0.050369372
0,0.037274411
0,0.017263587
0,0.096143391
0,0.033863549
1,0.124198039
0,0.035376551
0,0.122556772
0,0.041172947
0,0.047551787
0,0.061930143
0,0.296433404
0,0.056724875
0,0.027690816
0,0.110533577
1,0.370177299
0,0.023439735
0,0.144987548
1,0.999736935
0,0.027891866
0,0.039696197
0,0.026427179
0,0.282504793
0,0.010739733
0,0.0380205
0,0.0128006
0,0.162075301
0,0.18691181
1,0.292299585
1,0.990619197
0,0.001050958
0,0.134191496
0,0.031417864
0,0.073090212
0,0.02344091
0,0.031701311
0,0.109568724
0,0.059456039
0,0.161633065
1,0.67679155
0,0.028138914
0,0.017039544
0,0.03370476
0,0.050854604
0,0.200845964
0,0.061416264
0,0.041016822
0,0.011031919
0,0.152908979
0,0.057629767
0,0.045436327
0,0.050903157
1,0.367239759
0,0.01112128
0,0.216376012
0,0.03233613
0,0.052608631
0,0.282952558
0,0.039621954
0,0.062276989
0,0.021955076
0,0.015600058
0,0.043347739
0,0.325360451
0,0.015844142
0,0.022841775
0,0.041398202
0,0.189511032
0,0.050554278
0,0.187016317
0,0.06528949
0,0.09038764
0,0.014255775
0,0.039890281
0,0.041973278
0,0.023056279
0,0.167726859
0,0.053648102
1,0.370867923
1,0.061559028
1,0.249751185
0,0.011053569
0,0.035665145
0,0.272641746
0,0.054129265
1,0.153760666
1,0.123964382
0,0.036442728
0,0.055657597
0,0.043550352
0,0.084522542
0,0.045175289
0,0.087396542
0,0.175754988
0,0.04099262
0,0.028409173
0,0.000970205
0,0.016552189
0,0.053378155
0,0.032498432
0,0.039906419
0,0.356529344
0,0.033376567
0,0.051053995
0,0.045472582
0,0.035922371
0,0.221922414
1,0.028888555
0,0.031279726
0,0.036230602
0,0.03933686
0,0.098667125
0,0.048757464
0,0.036930787
0,0.001052235
0,0.06476009
0,0.06763085
0,0.033312806
0,0.030005456
0,0.037170579
0,0.08884498
0,0.035796145
0,0.032338655
0,0.03486591
0,0.041466362
0,0.05152253
0,0.014567361
0,0.020729641
0,0.107522866
0,0.061471468
0,0.005299659
0,0.056649232
1,0.467953671
0,0.055344386
0,0.016007407
1,0.98962234
1,0.47179431
0,0.329244231
0,0.147993452
0,0.071964288
0,0.022574123
0,0.001186112
0,0.189016186
0,0.053201641
0,0.068925061
0,0.053982418
0,0.006256251
1,0.756093701
0,0.052736769
0,0.028613568
0,0.066035082
0,0.063385056
0,0.032555616
0,0.067102471
0,0.058737335
0,0.043772575
0,0.045008735
0,0.109011626
0,0.057503543
0,0.032402465
1,0.685604714
0,0.046239909
0,0.032396769
0,0.218760846
0,0.141086533
0,0.041468139
0,0.012836443
0,0.042864088
0,0.024949718
0,0.039210043
0,0.001255703
0,0.040062349
0,0.122391814
0,0.063819733
0,0.190438581
0,0.002739083
0,0.181263434
0,0.019165704
0,0.060672881
0,0.032027702
0,0.061622688
0,0.039773715
0,0.030394822
0,0.073530308
0,0.042460629
0,0.032915121
0,0.155043213
0,0.009183701
0,0.056280013
0,0.029290604
1,0.407057673
0,0.038244098
0,0.005184758
0,0.067297936
0,0.178234956
0,0.021349612
0,0.027197821
0,0.027324054
0,0.077975602
0,0.008580249
0,0.020026637
1,0.196282032
0,0.102397348
0,0.016264511
0,0.039180944
1,0.13038516
0,0.087596876
0,0.051128566
0,0.040654361
0,0.046416835
0,0.049433613
0,0.005490301
0,0.014845153
0,0.028638444
0,0.04326803
0,0.069105144
0,0.049921002
0,0.062747694
0,0.027339303
0,0.032127315
0,0.02966699
0,0.001219789
0,0.046139394
0,0.042766781
0,0.055330355
0,0.007071498
0,0.160251423
0,0.009266634
0,0.011316406
0,0.208194068
0,0.014276466
0,0.013067562
0,0.050629469
0,0.042751375
0,0.078864142
0,0.001137777
0,0.001184665
0,0.038275204
0,0.102386153
0,0.063579837
0,0.471530581
0,0.023467533
0,0.044530456
0,0.03479713
0,0.060572166
0,0.098145777
0,0.075034274
0,0.025361627
0,0.031302195
0,0.084758741
0,0.05932141
0,0.063341714
0,0.037306992
0,0.022542182
0,0.184544938
0,0.007757088
0,0.043275627
0,0.043823668
0,0.050784057
0,0.037060952
1,0.181897457
0,0.043661227
0,0.121448912
0,0.033230845
0,0.035651086
0,0.049422245
0,0.031807751
0,0.035294664
0,0.106861128
0,0.020162859
0,0.03275038
0,0.005543734
0,0.054436672
0,0.047419295
0,0.056597588
0,0.064658929
0,0.035765221
0,0.018868615
0,0.015384294
0,0.034628394
0,0.054896061
0,0.055685162
0,0.077878255
1,0.019894558
0,0.195917058
0,0.028419669
0,0.046439026
0,0.037947241
0,0.001324073
0,0.151486356
0,0.022574216
0,0.04384455
0,0.017797539
0,0.009198028
1,0.090041599
0,0.115150355
0,0.036297343
0,0.078416664
0,0.044895221
0,0.039572848
0,0.027261278
0,0.040194537
0,0.097708042
0,0.021142456
0,0.008966074
0,0.039851149
0,0.037050494
0,0.000974304
1,0.031714768
0,0.026585161
0,0.137844082
0,0.040334668
0,0.021372857
0,0.028878346
0,0.072206496
0,0.019174003
0,0.00120976
0,0.050148115
0,0.048094044
0,0.054518691
0,0.22401634
1,0.018617223
0,0.043580598
0,0.013161392
0,0.039597538
0,0.093473875
0,0.040584612
0,0.001286632
0,0.037984883
0,0.128042419
0,0.01951325
1,0.176747913
0,0.025018435
0,0.028118021
0,0.039836741
0,0.032689143
0,0.055967641
0,0.040955001
0,0.026550622
0,0.034426314
0,0.026681416
0,0.089989819
0,0.036749964
0,0.033932105
0,0.032596517
1,0.030260869
0,0.058992909
1,0.498641884
0,0.047118563
0,0.007248611
0,0.227748567
0,0.022298169
0,0.065456307
0,0.061439611
0,0.001055666
1,0.93755489
0,0.030332542
0,0.03653585
0,0.051001047
0,0.024431441
0,0.007870339
0,0.082369105
0,0.062826469
0,0.049580047
0,0.02585824
0,0.043645595
0,0.075973271
0,0.055518646
0,0.035791287
0,0.029315477
0,0.044955747
0,0.092832512
0,0.030236715
0,0.02494484
0,0.121262402
0,0.018090724
0,0.062626975
0,0.086186822
0,0.033112623
0,0.133188514
0,0.043602067
0,0.026826944
0,0.038289201
0,0.170839504
0,0.028822631
0,0.05372939
0,0.119719077
0,0.046794561
0,0.019196144
0,0.028733295
0,0.041403078
0,0.109705176
0,0.104575231
0,0.043113978
0,0.006449638
0,0.055389247
0,0.027105688
0,0.100250257
0,0.019551224
0,0.001157356
1,0.075313462
0,0.021460988
0,0.060248794
0,0.151639343
0,0.034986595
0,0.136013857
0,0.032701347
0,0.03054863
0,0.01426177
0,0.018684241
0,0.094938848
0,0.028759397
1,0.664488537
0,0.104824071
0,0.041787256
0,0.115212912
0,0.044569637
0,0.048238904
0,0.117035041
0,0.077933196
0,0.076891993
0,0.051254567
0,0.017799956
0,0.06329939
0,0.022069088
0,0.053895008
0,0.017109811
1,0.55018736
0,0.047265517
0,0.029890409
0,0.020901243
0,0.042078938
0,0.027634173
0,0.043983657
0,0.151134723
0,0.035497388
0,0.038275711
0,0.053980723
0,0.024830139
0,0.139505452
0,0.04324245
0,0.096117931
0,0.120429433
1,0.475879712
0,0.059349887
0,0.025058289
0,0.081622313
0,0.051912357
0,0.060530522
0,0.037273756
0,0.149937785
0,0.105170558
0,0.052199718
0,0.361328672
0,0.047136627
0,0.035934224
0,0.025088709
0,0.027563173
0,0.020773951
0,0.017666348
0,0.096370094
0,0.12676846
0,0.034128642
0,0.049940921
0,0.045391784
0,0.034995939
0,0.025543829
0,0.089485029
0,0.075941992
0,0.058915941
0,0.037685442
0,0.029396119
0,0.060174597
0,0.038631275
0,0.023601676
0,0.069917154
0,0.038944625
0,0.146565974
0,0.079150063
0,0.149237929
0,0.08009069
0,0.061714343
0,0.031699768
0,0.053457736
0,0.029421894
0,0.068697741
0,0.08249946
0,0.070994224
0,0.035480309
0,0.024052556
0,0.079024163
0,0.023221133
0,0.226138308
1,0.422641329
0,0.03798492
0,0.098522199
0,0.056795831
0,0.035859082
0,0.059652655
0,0.373758748
0,0.055353018
0,0.018515618
0,0.079898833
1,0.288762954
0,0.284245956
0,0.141625983
0,0.042442721
0,0.208768493
0,0.088524216
0,0.124343527
0,0.037924342
1,0.59746547
0,0.083722244
0,0.032692663
0,0.155226615
1,0.950578278
0,0.020681717
1,0.479421298
0,0.03537104
0,0.017143568
0,0.157217072
0,0.02287595
0,0.020619703
0,0.151044597
0,0.021143652
0,0.13401772
0,0.047514256
0,0.260399376
0,0.029365219
0,0.138764288
0,0.021538614
0,0.087929111
0,0.013545606
0,0.031675169
0,0.035452998
0,0.041973717
0,0.061329317
0,0.018770235
0,0.035030884
0,0.029766228
0,0.043742188
0,0.157432754
0,0.036503594
0,0.04486605
0,0.054461724
0,0.019644437
0,0.047826689
0,0.026725255
0,0.038621173
0,0.028455561
0,0.027641319
0,0.014154007
0,0.041541375
1,0.188488979
1,0.994527724
0,0.08378764
0,0.047544269
0,0.041309968
0,0.057793563
0,0.067027216
0,0.021739187
0,0.034040449
0,0.118258776
0,0.055745707
0,0.020942548
0,0.029040988
0,0.109438602
0,0.036630975
0,0.03021368
0,0.12782269
0,0.064087766
0,0.06373366
0,0.076514456
0,0.046829801
0,0.01979829
0,0.088716834
0,0.13372095
0,0.192784011
0,0.020111107
0,0.1060198
1,0.10176417
1,0.32849856
0,0.052083852
0,0.059509977
0,0.112921063
0,0.057984842
0,0.074257608
0,0.052173694
0,0.050272651
0,0.117979346
0,0.023328668
0,0.130658216
0,0.101274784
0,0.02098584
1,0.071741193
0,0.070008466
0,0.152474199
0,0.063119576
0,0.018781894
0,0.022395824
0,0.036604604
0,0.066187319
0,0.059234474
0,0.110154385
0,0.063988367
1,0.07122048
0,0.065487754
0,0.053513997
1,0.120805747
0,0.227161678
0,0.060590732
0,0.057433004
0,0.140517111
0,0.035016345
0,0.075747631
0,0.063036517
1,0.092832149
0,0.035950119
1,0.962385942
0,0.051216767
0,0.079634115
0,0.016776576
0,0.346326817
0,0.084747666
0,0.032096863
0,0.051624529
0,0.030694207
0,0.032029923
0,0.027616862
0,0.025717376
0,0.017400371
0,0.06164795
0,0.060507221
0,0.044209341
0,0.04144973
0,0.013286296
0,0.025569896
0,0.329316612
0,0.096031173
0,0.099928771
0,0.026029476
0,0.030014775
0,0.051987346
0,0.080542855
0,0.125007492
0,0.065873524
0,0.042809296
0,0.077208697
0,0.024160836
0,0.072282912
0,0.037705419
0,0.03123259
0,0.050464485
0,0.134317223
0,0.009716927
0,0.132759872
0,0.043545891
0,0.020014024
0,0.01727838
0,0.037977309
0,0.011432634
0,0.008920013
0,0.178337952
0,0.098657145
0,0.022676746
0,0.131348539
0,0.311805634
0,0.148020915
0,0.016831052
0,0.060690567
0,0.048774945
0,0.073775991
0,0.016641154
0,0.020297057
0,0.100100672
1,0.004555706
0,0.103766022
0,0.090431388
0,0.01981142
0,0.035407683
0,0.057226644
0,0.138958666
0,0.082274298
0,0.211735033
0,0.049179178
1,0.301562887
0,0.052660554
0,0.034550894
0,0.052413514
0,0.204725001
0,0.058956466
0,0.032348213
0,0.044644174
0,0.060782069
0,0.037227945
0,0.045593563
0,0.036476543
0,0.025770059
0,0.019449838
0,0.054704282
0,0.062885827
0,0.06693799
0,0.020911191
0,0.04193415
1,0.066598021
0,0.040698882
0,0.021257372
0,0.141968112
0,0.067565203
1,0.66232417
1,0.676304937
0,0.01753291
0,0.041031954
0,0.042335362
0,0.067456312
0,0.102717973
0,0.085641165
0,0.163499149
0,0.03492554
1,0.018128956
0,0.102567877
0,0.139073665
0,0.099029485
0,0.0270617
0,0.041214212
0,0.037931931
0,0.176542114
0,0.084816554
0,0.038214434
0,0.021392402
0,0.026753548
0,0.219134133
0,0.055294086
0,0.027904792
0,0.141531131
0,0.03004772
0,0.061201498
0,0.082175724
0,0.0761931
0,0.134841564
0,0.085335378
0,0.086197576
1,0.990109178
0,0.02784774
0,0.150252484
0,0.040501424
0,0.122578637
0,0.079173473
0,0.044058711
0,0.037706508
1,0.030198398
0,0.135965116
0,0.058986619
0,0.011267598
0,0.023849373
0,0.036786188
0,0.06610234
0,0.060597369
1,0.080741739
0,0.077728749
0,0.112046247
0,0.2205477
0,0.057686728
0,0.080360159
0,0.021816366
0,0.205455806
0,0.066710001
0,0.050635524
0,0.131929128
0,0.10653469
0,0.008290105
0,0.023097701
0,0.035293541
0,0.030180778
0,0.033845659
0,0.040361962
0,0.045470245
0,0.043314981
0,0.171198575
0,0.055987017
0,0.060068541
0,0.03732045
0,0.042851619
0,0.176787619
0,0.035051453
0,0.03265486
0,0.032077878
0,0.056822339
0,0.095273464
0,0.115433916
0,0.01660036
1,0.00850734
0,0.202034782
0,0.037061847
0,0.02469564
0,0.034538956
0,0.050805763
0,0.021746242
1,0.019453097
0,0.021381984
0,0.086962881
0,0.134425274
0,0.029301074
0,0.036502298
0,0.0357001
0,0.027032523
0,0.113736499
0,0.038035978
0,0.024159506
0,0.046327614
0,0.069024658
0,0.031243771
0,0.049136584
0,0.029443782
0,0.112823055
1,0.969628499
0,0.157234272
0,0.112313532
0,0.061430368
0,0.06290831
0,0.119001504
1,0.06679371
0,0.182712896
0,0.116835068
0,0.054754318
0,0.12526497
0,0.097664846
0,0.084399472
0,0.017985632
0,0.085458917
0,0.008830438
0,0.028320411
0,0.0579106
0,0.193551999
0,0.015490722
0,0.127232583
0,0.245361722
0,0.097594904
0,0.066805004
0,0.01542259
0,0.021314942
0,0.038594856
0,0.031494434
0,0.124440593
0,0.035101813
0,0.044180375
0,0.169745888
1,0.605003203
0,0.103306114
0,0.064175636
0,0.033131369
0,0.115377533
0,0.036780647
0,0.021847487
1,0.007491361
0,0.099062692
0,0.038823645
0,0.024942756
0,0.175160263
0,0.123281283
0,0.069703045
0,0.01739094
0,0.082235834
0,0.035802703
0,0.045330119
0,0.229455208
0,0.08343553
0,0.040310002
0,0.042455759
1,0.027965715
0,0.00946706
0,0.137351266
0,0.036773123
0,0.032102609
0,0.102302822
0,0.081617219
0,0.09494501
0,0.02878748
0,0.23563695
0,0.048257672
1,0.084282268
0,0.039674374
0,0.009386383
0,0.036745946
0,0.143627074
1,0.065788138
0,0.087434999
0,0.041982548
0,0.060936632
0,0.160054222
0,0.025876062
0,0.148938816
0,0.076027751
0,0.009038792
0,0.104167968
0,0.034960653
1,0.97596743
0,0.077584851
0,0.121814874
0,0.023425043
0,0.065537693
0,0.030629144
0,0.161446602
0,0.038003911
0,0.059957848
0,0.038434078
0,0.073275873
0,0.035893569
0,0.066959007
0,0.261836264
0,0.04567026
0,0.015283147
0,0.053058763
0,0.069670767
0,0.027904499
0,0.067484278
0,0.048016718
0,0.064149129
0,0.026784145
0,0.037038747
0,0.066782585
0,0.039087842
0,0.02456346
0,0.028709114
0,0.052315966
0,0.061893752
0,0.015478493
1,0.036031397
0,0.073751662
0,0.017383818
0,0.029115252
1,0.63806404
0,0.031716878
0,0.045990554
0,0.122502936
0,0.079427974
0,0.0469973
0,0.138242231
0,0.123450588
0,0.070580343
0,0.205262859
0,0.050821371
0,0.026586769
0,0.026173707
0,0.041873259
0,0.036493337
0,0.056219906
0,0.142011239
0,0.142635786
0,0.094330708
1,0.980641575
0,0.027187001
0,0.012474415
0,0.071223061
0,0.128276296
0,0.078007371
0,0.016823501
0,0.077686603
0,0.058374938
0,0.067138224
0,0.09011887
0,0.063832402
0,0.026774736
0,0.05440901
1,0.951462096
0,0.127198673
0,0.083314397
1,0.239196443
0,0.114669603
0,0.041296677
0,0.125473723
0,0.019837932
0,0.032809205
0,0.111283962
0,0.093666962
0,0.134611382
1,0.124858042
0,0.02849587
0,0.070642197
0,0.047176422
0,0.071944204
0,0.136262953
0,0.030450755
0,0.141115009
0,0.012767809
0,0.121945537
0,0.07923501
0,0.027669652
0,0.09705886
0,0.080338808
0,0.012294027
0,0.057952337
0,0.139318475
0,0.056278305
0,0.020950545
0,0.025957467
0,0.07661156
1,0.890527857
0,0.016465775
0,0.07982749
0,0.035219884
0,0.133495741
0,0.039783758
0,0.051273428
0,0.039648058
0,0.117268831
0,0.064860649
0,0.119856503
0,0.020134011
0,0.020865569
0,0.06414583
0,0.063571847
0,0.036010941
0,0.100194034
0,0.036586189
0,0.072018416
0,0.029099048
0,0.089623731
0,0.073719928
0,0.066991535
0,0.056609635
0,0.029718589
0,0.030375817
0,0.127672091
0,0.131047781
0,0.113767866
0,0.028222318
0,0.006849805
0,0.046179297
0,0.243875319
1,0.099402984
0,0.225853731
1,0.221538151
0,0.072381369
0,0.034996209
0,0.025201658
0,0.023346933
0,0.056076418
0,0.134663553
0,0.080994696
0,0.025092074
0,0.114856077
0,0.217163903
0,0.035210671
0,0.116027715
0,0.029329491
0,0.025263161
0,0.004489137
0,0.026221428
0,0.044174599
0,0.084602556
0,0.023111428
0,0.081354043
0,0.052487572
0,0.02663821
0,0.12835375
0,0.080151098
0,0.164717623
0,0.129444009
0,0.243747375
0,0.005630716
0,0.036502448
0,0.005343546
0,0.037224038
0,0.05603195
0,0.25233699
0,0.059661944
0,0.26036976
0,0.031646617
0,0.054111288
0,0.031853593
0,0.102482969
1,0.299285579
1,0.04831214
0,0.116738004
0,0.054145028
0,0.034129829
0,0.038008068
0,0.045124194
0,0.046966426
0,0.128966956
0,0.132801503
0,0.105192775
0,0.026537952
0,0.118315749
0,0.094999712
0,0.119357592
0,0.030061382
0,0.095905186
0,0.043105797
0,0.127873134
0,0.119672882
0,0.02335262
0,0.104588476
0,0.019040041
0,0.017409724
0,0.055127226
0,0.022943823
0,0.104407866
1,0.014594587
0,0.100847301
0,0.100432369
0,0.05051777
0,0.03729737
0,0.026867396
0,0.019714384
0,0.046555857
0,0.127514134
0,0.025838754
1,0.08936176
1,0.083164253
0,0.024109689
0,0.015316828
0,0.040734253
0,0.020235378
1,0.999933596
0,0.108995308
0,0.022264677
0,0.041070396
0,0.020494589
0,0.018884963
0,0.048344057
0,0.119791408
1,0.455046901
0,0.020708722
0,0.01933045
0,0.06337662
0,0.107652534
0,0.048152767
0,0.105008487
0,0.116503779
0,0.023449406
0,0.046136796
0,0.026115846
1,0.107564797
1,0.100702081
0,0.016135804
0,0.016492958
1,0.097480231
0,0.112155354
1,0.002058435
0,0.020472043
0,0.044397104
0,0.023839845
0,0.062742444
0,0.047580822
0,0.121392661
0,0.047846774
0,0.123561179
0,0.066744895
0,0.020162475
0,0.059657241
0,0.053156678
0,0.053907868
0,0.04716056
0,0.089528477
0,0.050970422
0,0.070830889
0,0.051974187
0,0.040953645
0,0.063044844
0,0.058728846
0,0.051759391
0,0.07971478
0,0.08321991
0,0.048132039
1,0.079241968
1,0.092018643
0,0.087177528
1,0.005427095
0,0.052650374
0,0.075101924
0,0.074257469
0,0.047606514
0,0.060457248
0,0.086072799
0,0.072440144
1,0.066110383
0,0.056143954
1,0.005638441
0,0.158501433
0,0.05107463
0,0.144506613
1,0.065122633
0,0.083682872
0,0.049862516
0,0.052049815
1,0.060797881
0,0.129700317
1,0.0796471
0,0.151919668
1,0.172906946
1,0.160631154
1,0.180063814
0,0.132755409
0,0.131600205
0,0.014047804
0,0.147938382
0,0.163489589
0,0.014124972
0,0.114381483
0,0.096624876
0,0.111114999
0,0.012684376
0,0.120152033
0,0.01505485
0,0.101234425
0,0.011482764
0,0.147600294
0,0.11822695
0,0.087822076
0,0.117253216
0,0.117057187
0,0.127111743
0,0.078646069
0,0.105819766
0,0.11708863
0,0.080122714
1,0.096391731
0,0.111395685
1,0.199341919
1,0.113172471
0,0.093322321
0,0.13503762
1,0.116777228
0,0.104736445
0,0.060735849
0,0.105760157
0,0.037598403
0,0.030959696
0,0.037878649
0,0.116573142
0,0.104325824
0,0.043400582
0,0.354764982
0,0.046617311
0,0.036717709
0,0.068034382
0,0.206147512
0,0.055417196
0,0.043370793
0,0.043514041
0,0.257492942
0,0.035803061
0,0.035022191
0,0.367303301
0,0.438647117
0,0.032057494
0,0.063798569
0,0.050026756
0,0.034223766
0,0.056024259
0,0.0333335
1,0.221908675
0,0.047544518
1,0.279937045
1,0.320010681
0,0.132515143
0,0.45722614
0,0.428806024
0,0.030528175
0,0.046195855
0,0.04804644
0,0.040667996
0,0.046246035
0,0.050700406
0,0.044785484
0,0.041814404
0,0.046837724
0,0.025108983
0,0.042030967
0,0.044704778
0,0.028481476
0,0.030513098
0,0.032244277
0,0.124504148
0,0.082051355
0,0.17222803
0,0.078316004
0,0.068053892
0,0.160905202
1,0.999609121
0,0.142785705
0,0.063294769
0,0.146022587
0,0.062174877
0,0.064291103
0,0.07575931
0,0.04472138
0,0.043991601
0,0.054889787
0,0.039647444
0,0.041589131
0,0.036210948
0,0.043537418
0,0.043045896
0,0.046133812
0,0.039746452
1,0.258790935
1,0.664582589
0,0.047315578
0,0.046311267
0,0.051898463
0,0.040100324
0,0.038333829
0,0.09060801
0,0.043751926
0,0.046527756
0,0.044887512
0,0.039445802
0,0.038810675
