[
    {
        "name": "AGE",
        "level": "interval",
        "type": "decimal",
        "length": 8
    },
    {
        "name": "SEX",
        "level": "interval",
        "type": "decimal",
        "length": 8
    },
    {
        "name": "BMI",
        "level": "interval",
        "type": "decimal",
        "length": 8
    },
    {
        "name": "BP",
        "level": "interval",
        "type": "decimal",
        "length": 8
    },
    {
        "name": "S1",
        "level": "interval",
        "type": "decimal",
        "length": 8
    },
    {
        "name": "S2",
        "level": "interval",
        "type": "decimal",
        "length": 8
    },
    {
        "name": "S3",
        "level": "interval",
        "type": "decimal",
        "length": 8
    },
    {
        "name": "S4",
        "level": "interval",
        "type": "decimal",
        "length": 8
    },
    {
        "name": "S5",
        "level": "interval",
        "type": "decimal",
        "length": 8
    },
    {
        "name": "S6",
        "level": "interval",
        "type": "decimal",
        "length": 8
    }
]