{
  "name": "dmcas_lift",
  "revision": 0,
  "order": 0,
  "parameterMap": {
    "_DataRole_": {
      "parameter": "_DataRole_",
      "type": "char",
      "label": "Data Role",
      "length": 10,
      "order": 1,
      "values": ["_DataRole_"],
      "preformatted": false
    },
    "_PartInd_": {
      "parameter": "_PartInd_",
      "type": "num",
      "label": "Partition Indicator",
      "length": 8,
      "order": 2,
      "values": ["_PartInd_"],
      "preformatted": false
    },
    "_PartInd__f": {
      "parameter": "_PartInd__f",
      "type": "char",
      "label": "Formatted Partition",
      "length": 12,
      "order": 3,
      "values": ["_PartInd__f"],
      "preformatted": false
    },
    "_Column_": {
      "parameter": "_Column_",
      "type": "char",
      "label": "Analysis Variable",
      "length": 32,
      "order": 4,
      "values": ["_Column_"],
      "preformatted": false
    },
    "_Event_": {
      "parameter": "_Event_",
      "type": "char",
      "label": "Event",
      "length": 1,
      "order": 5,
      "values": ["_Event_"],
      "preformatted": false
    },
    "_Depth_": {
      "parameter": "_Depth_",
      "type": "num",
      "label": "Depth",
      "length": 8,
      "order": 7,
      "values": ["_Depth_"],
      "preformatted": false
    },
    "_NObs_": {
      "parameter": "_NObs_",
      "type": "num",
      "label": "Sum of Frequencies",
      "length": 8,
      "order": 8,
      "values": ["_NObs_"],
      "preformatted": false
    },
    "_Gain_": {
      "parameter": "_Gain_",
      "type": "num",
      "label": "Gain",
      "length": 8,
      "order": 9,
      "values": ["_Gain_"],
      "preformatted": false
    },
    "_Resp_": {
      "parameter": "_Resp_",
      "type": "num",
      "label": "% Captured Response",
      "length": 8,
      "order": 10,
      "values": ["_Resp_"],
      "preformatted": false
    },
    "_CumResp_": {
      "parameter": "_CumResp_",
      "type": "num",
      "label": "Cumulative % Captured Response",
      "length": 8,
      "order": 11,
      "values": ["_CumResp_"],
      "preformatted": false
    },
    "_PctResp_": {
      "parameter": "_PctResp_",
      "type": "num",
      "label": "% Response",
      "length": 8,
      "order": 12,
      "values": ["_PctResp_"],
      "preformatted": false
    },
    "_CumPctResp_": {
      "parameter": "_CumPctResp_",
      "type": "num",
      "label": "Cumulative % Response",
      "length": 8,
      "order": 13,
      "values": ["_CumPctResp_"],
      "preformatted": false
    },
    "_Lift_": {
      "parameter": "_Lift_",
      "type": "num",
      "label": "Lift",
      "length": 8,
      "order": 14,
      "values": ["_Lift_"],
      "preformatted": false
    },
    "_CumLift_": {
      "parameter": "_CumLift_",
      "type": "num",
      "label": "Cumulative Lift",
      "length": 8,
      "order": 15,
      "values": ["_CumLift_"],
      "preformatted": false
    }
  },
  "data": [
      {
        "dataMap": {
          "_DataRole_": "TRAIN",
          "_PartInd_": 1,
          "_PartInd__f": "           1",
          "_Column_": "churn",
          "_Event_": 1,
          "_Depth_": 10.009910802775,
          "_NObs_": 101,
          "_Gain_": 28,
          "_Resp_": 20.2898550724638,
          "_CumResp_": 20.2898550724638,
          "_PctResp_": 27.7227722772277,
          "_CumPctResp_": 27.7227722772277,
          "_Lift_": 2.0269766107045,
          "_CumLift_": 2.0269766107045
        },
        "rowNumber": 1
      },
      {
        "dataMap": {
          "_DataRole_": "TRAIN",
          "_PartInd_": 1,
          "_PartInd__f": "           1",
          "_Column_": "churn",
          "_Event_": 1,
          "_Depth_": 20.01982160555,
          "_NObs_": 101,
          "_Gain_": 28,
          "_Resp_": 20.2898550724638,
          "_CumResp_": 40.5797101449275,
          "_PctResp_": 27.7227722772277,
          "_CumPctResp_": 27.7227722772277,
          "_Lift_": 2.0269766107045,
          "_CumLift_": 2.0269766107045
        },
        "rowNumber": 2
      },
      {
        "dataMap": {
          "_DataRole_": "TRAIN",
          "_PartInd_": 1,
          "_PartInd__f": "           1",
          "_Column_": "churn",
          "_Event_": 1,
          "_Depth_": 30.0297324083251,
          "_NObs_": 101,
          "_Gain_": 24,
          "_Resp_": 17.3913043478261,
          "_CumResp_": 57.9710144927536,
          "_PctResp_": 23.7623762376238,
          "_CumPctResp_": 26.4026402640264,
          "_Lift_": 1.737408523461,
          "_CumLift_": 1.9304539149567
        },
        "rowNumber": 3
      },
      {
        "dataMap": {
          "_DataRole_": "TRAIN",
          "_PartInd_": 1,
          "_PartInd__f": "           1",
          "_Column_": "churn",
          "_Event_": 1,
          "_Depth_": 40.0396432111001,
          "_NObs_": 101,
          "_Gain_": 13,
          "_Resp_": 9.4202898550725,
          "_CumResp_": 67.3913043478261,
          "_PctResp_": 12.8712871287129,
          "_CumPctResp_": 23.019801980198,
          "_Lift_": 0.9410962835414,
          "_CumLift_": 1.6831145071029
        },
        "rowNumber": 4
      },
      {
        "dataMap": {
          "_DataRole_": "TRAIN",
          "_PartInd_": 1,
          "_PartInd__f": "           1",
          "_Column_": "churn",
          "_Event_": 1,
          "_Depth_": 49.9504459861249,
          "_NObs_": 100,
          "_Gain_": 13,
          "_Resp_": 9.4202898550725,
          "_CumResp_": 76.8115942028985,
          "_PctResp_": 13,
          "_CumPctResp_": 21.031746031746,
          "_Lift_": 0.95050724637681,
          "_CumLift_": 1.5377559236255
        },
        "rowNumber": 5
      },
      {
        "dataMap": {
          "_DataRole_": "TRAIN",
          "_PartInd_": 1,
          "_PartInd__f": "           1",
          "_Column_": "churn",
          "_Event_": 1,
          "_Depth_": 59.9603567888999,
          "_NObs_": 101,
          "_Gain_": 8,
          "_Resp_": 5.7971014492754,
          "_CumResp_": 82.6086956521739,
          "_PctResp_": 7.9207920792079,
          "_CumPctResp_": 18.8429752066116,
          "_Lift_": 0.57913617448701,
          "_CumLift_": 1.3777218828602
        },
        "rowNumber": 6
      },
      {
        "dataMap": {
          "_DataRole_": "TRAIN",
          "_PartInd_": 1,
          "_PartInd__f": "           1",
          "_Column_": "churn",
          "_Event_": 1,
          "_Depth_": 69.9702675916749,
          "_NObs_": 101,
          "_Gain_": 7,
          "_Resp_": 5.0724637681159,
          "_CumResp_": 87.6811594202899,
          "_PctResp_": 6.9306930693069,
          "_CumPctResp_": 17.1388101983003,
          "_Lift_": 0.50674415267614,
          "_CumLift_": 1.2531202529047
        },
        "rowNumber": 7
      },
      {
        "dataMap": {
          "_DataRole_": "TRAIN",
          "_PartInd_": 1,
          "_PartInd__f": "           1",
          "_Column_": "churn",
          "_Event_": 1,
          "_Depth_": 79.98017839445,
          "_NObs_": 101,
          "_Gain_": 6,
          "_Resp_": 4.3478260869565,
          "_CumResp_": 92.0289855072464,
          "_PctResp_": 5.9405940594059,
          "_CumPctResp_": 15.7372986369269,
          "_Lift_": 0.43435213086526,
          "_CumLift_": 1.1506474148304
        },
        "rowNumber": 8
      },
      {
        "dataMap": {
          "_DataRole_": "TRAIN",
          "_PartInd_": 1,
          "_PartInd__f": "           1",
          "_Column_": "churn",
          "_Event_": 1,
          "_Depth_": 89.990089197225,
          "_NObs_": 101,
          "_Gain_": 9,
          "_Resp_": 6.5217391304348,
          "_CumResp_": 98.5507246376812,
          "_PctResp_": 8.9108910891089,
          "_CumPctResp_": 14.9779735682819,
          "_Lift_": 0.65152819629789,
          "_CumLift_": 1.0951286471302
        },
        "rowNumber": 9
      },
      {
        "dataMap": {
          "_DataRole_": "TRAIN",
          "_PartInd_": 1,
          "_PartInd__f": "           1",
          "_Column_": "churn",
          "_Event_": 1,
          "_Depth_": 100,
          "_NObs_": 101,
          "_Gain_": 2,
          "_Resp_": 1.4492753623188,
          "_CumResp_": 100,
          "_PctResp_": 1.980198019802,
          "_CumPctResp_": 13.6769078295342,
          "_Lift_": 0.14478404362175,
          "_CumLift_": 1
        },
        "rowNumber": 10
      }
    ],
  "version": 1,
  "xInteger": false,
  "yInteger": false
}
