{
  "name": "dmcas_fitstat",
  "revision": 0,
  "order": 0,
  "parameterMap": {
    "_DataRole_": {
      "parameter": "_DataRole_",
      "type": "char",
      "label": "Data Role",
      "length": 10,
      "order": 1,
      "values": ["_DataRole_"],
      "preformatted": false
    },
    "_PartInd_": {
      "parameter": "_PartInd_",
      "type": "num",
      "label": "Partition Indicator",
      "length": 8,
      "order": 2,
      "values": ["_PartInd_"],
      "preformatted": false
    },
    "_PartInd__f": {
      "parameter": "_PartInd__f",
      "type": "char",
      "label": "Formatted Partition",
      "length": 12,
      "order": 3,
      "values": ["_PartInd__f"],
      "preformatted": false
    },
    "_NObs_": {
      "parameter": "_NObs_",
      "type": "num",
      "label": "Sum of Frequencies",
      "length": 8,
      "order": 4,
      "values": ["_NObs_"],
      "preformatted": false
    },
    "_ASE_": {
      "parameter": "_ASE_",
      "type": "num",
      "label": "Average Squared Error",
      "length": 8,
      "order": 5,
      "values": ["_ASE_"],
      "preformatted": false
    },
    "_DIV_": {
      "parameter": "_DIV_",
      "type": "num",
      "label": "Divisor for ASE",
      "length": 8,
      "order": 6,
      "values": ["_DIV_"],
      "preformatted": false
    },
    "_RASE_": {
      "parameter": "_RASE_",
      "type": "num",
      "label": "Root Average Squared Error",
      "length": 8,
      "order": 7,
      "values": ["_RASE_"],
      "preformatted": false
    },
    "_MCE_": {
      "parameter": "_MCE_",
      "type": "num",
      "label": "Misclassification Error",
      "length": 8,
      "order": 8,
      "values": ["_MCE_"],
      "preformatted": false
    },
    "_THRESH_": {
      "parameter": "_THRESH_",
      "type": "num",
      "label": "Threshold for MCE",
      "length": 8,
      "order": 9,
      "values": ["_THRESH_"],
      "preformatted": false
    },
    "_C_": {
      "parameter": "_C_",
      "type": "num",
      "label": "Area Under Curve",
      "length": 8,
      "order": 10,
      "values": ["_C_"],
      "preformatted": false
    },
    "_GINI_": {
      "parameter": "_GINI_",
      "type": "num",
      "label": "Gini Coefficient",
      "length": 8,
      "order": 11,
      "values": ["_GINI_"],
      "preformatted": false
    },
    "_GAMMA_": {
      "parameter": "_GAMMA_",
      "type": "num",
      "label": "Goodman-Kruskal Gamma",
      "length": 8,
      "order": 12,
      "values": ["_GAMMA_"],
      "preformatted": false
    },
    "_TAU_": {
      "parameter": "_TAU_",
      "type": "num",
      "label": "Kendall tau-a",
      "length": 8,
      "order": 13,
      "values": ["_TAU_"],
      "preformatted": false
    },
    "_KS_": {
      "parameter": "_KS_",
      "type": "num",
      "label": "Kolmogorov-Smirnov Statistic",
      "length": 8,
      "order": 14,
      "values": ["_KS_"],
      "preformatted": false
    },
    "_KSCut_": {
      "parameter": "_KSCut_",
      "type": "num",
      "label": "Probability Cut-off for Kolmogorov-Smirnov Statistic",
      "length": 8,
      "order": 15,
      "values": ["_KSCut_"],
      "preformatted": false
    }
  },
  "data": [
      {
        "dataMap": {
          "_DataRole_": "TRAIN",
          "_PartInd_": 1,
          "_PartInd__f": "           1",
          "_NObs_": 3975,
          "_ASE_": 0.1272187211711,
          "_DIV_": 3975,
          "_RASE_": 0.35667733481551,
          "_MCE_": 0.22666666666667,
          "_THRESH_": 0.25444319460067,
          "_C_": 0.81739256591764,
          "_GINI_": 0.63478513183528,
          "_GAMMA_": 0.80429035636115,
          "_TAU_": 0.22657183643367,
          "_KS_": 0.55329315063828,
          "_KSCut_": 0.34782608695652
        },
        "rowNumber": 1
      }
    ],
  "version": 1,
  "xInteger": false,
  "yInteger": false
}
