{
    "creationTimeStamp": "0001-01-01T00:00:00Z",
    "modifiedTimeStamp": "0001-01-01T00:00:00Z",
    "revision": 0,
    "name": "groupMetrics",
    "version": 0,
    "order": 0,
    "parameterMap": {
        "INTO_EVENT": {
            "label": "Proportion Into Event Level",
            "length": 8,
            "order": 32,
            "parameter": "INTO_EVENT",
            "preformatted": false,
            "type": "num",
            "values": [
                "INTO_EVENT"
            ]
        },
        "LEVEL": {
            "label": "Variable Level",
            "length": 100,
            "order": 4,
            "parameter": "LEVEL",
            "preformatted": false,
            "type": "char",
            "values": [
                "LEVEL"
            ]
        },
        "PREDICTED_EVENT": {
            "label": "Average Prediction for Event",
            "length": 8,
            "order": 33,
            "parameter": "PREDICTED_EVENT",
            "preformatted": false,
            "type": "num",
            "values": [
                "PREDICTED_EVENT"
            ]
        },
        "VLABEL": {
            "label": "Variable Label",
            "length": 256,
            "order": 2,
            "parameter": "VLABEL",
            "preformatted": false,
            "type": "char",
            "values": [
                "VLABEL"
            ]
        },
        "_DATAROLE_": {
            "label": "Data Role",
            "length": 8,
            "order": 3,
            "parameter": "_DATAROLE_",
            "preformatted": false,
            "type": "char",
            "values": [
                "_DATAROLE_"
            ]
        },
        "_VARIABLE_": {
            "label": "Variable",
            "length": 255,
            "order": 1,
            "parameter": "_VARIABLE_",
            "preformatted": false,
            "type": "char",
            "values": [
                "_VARIABLE_"
            ]
        },
        "_acc_": {
            "label": "Accuracy",
            "length": 8,
            "order": 15,
            "parameter": "_acc_",
            "preformatted": false,
            "type": "num",
            "values": [
                "_acc_"
            ]
        },
        "_ase_": {
            "label": "Average Squared Error",
            "length": 8,
            "order": 22,
            "parameter": "_ase_",
            "preformatted": false,
            "type": "num",
            "values": [
                "_ase_"
            ]
        },
        "_c_": {
            "label": "Area Under ROC",
            "length": 8,
            "order": 16,
            "parameter": "_c_",
            "preformatted": false,
            "type": "num",
            "values": [
                "_c_"
            ]
        },
        "_cumlift_": {
            "label": "Cumulative Lift",
            "length": 8,
            "order": 31,
            "parameter": "_cumlift_",
            "preformatted": false,
            "type": "num",
            "values": [
                "_cumlift_"
            ]
        },
        "_cumresp_": {
            "label": "Cumulative Captured Response Percentage",
            "length": 8,
            "order": 30,
            "parameter": "_cumresp_",
            "preformatted": false,
            "type": "num",
            "values": [
                "_cumresp_"
            ]
        },
        "_f1_": {
            "label": "F1 Score",
            "length": 8,
            "order": 17,
            "parameter": "_f1_",
            "preformatted": false,
            "type": "num",
            "values": [
                "_f1_"
            ]
        },
        "_fdr_": {
            "label": "False Discovery Rate",
            "length": 8,
            "order": 14,
            "parameter": "_fdr_",
            "preformatted": false,
            "type": "num",
            "values": [
                "_fdr_"
            ]
        },
        "_fn_": {
            "label": "False Negative",
            "length": 8,
            "order": 9,
            "parameter": "_fn_",
            "preformatted": false,
            "type": "num",
            "values": [
                "_fn_"
            ]
        },
        "_fnr_": {
            "label": "False Negative Rate",
            "length": 8,
            "order": 13,
            "parameter": "_fnr_",
            "preformatted": false,
            "type": "num",
            "values": [
                "_fnr_"
            ]
        },
        "_fp_": {
            "label": "False Positive",
            "length": 8,
            "order": 7,
            "parameter": "_fp_",
            "preformatted": false,
            "type": "num",
            "values": [
                "_fp_"
            ]
        },
        "_fpr_": {
            "label": "False Positive Rate",
            "length": 8,
            "order": 11,
            "parameter": "_fpr_",
            "preformatted": false,
            "type": "num",
            "values": [
                "_fpr_"
            ]
        },
        "_gain_": {
            "label": "Gain",
            "length": 8,
            "order": 27,
            "parameter": "_gain_",
            "preformatted": false,
            "type": "num",
            "values": [
                "_gain_"
            ]
        },
        "_gini_": {
            "label": "Gini Coefficient",
            "length": 8,
            "order": 18,
            "parameter": "_gini_",
            "preformatted": false,
            "type": "num",
            "values": [
                "_gini_"
            ]
        },
        "_ks_": {
            "label": "KS (Youden)",
            "length": 8,
            "order": 25,
            "parameter": "_ks_",
            "preformatted": false,
            "type": "num",
            "values": [
                "_ks_"
            ]
        },
        "_kscut_": {
            "label": "KS Cutoff",
            "length": 8,
            "order": 26,
            "parameter": "_kscut_",
            "preformatted": false,
            "type": "num",
            "values": [
                "_kscut_"
            ]
        },
        "_lift_": {
            "label": "Lift",
            "length": 8,
            "order": 28,
            "parameter": "_lift_",
            "preformatted": false,
            "type": "num",
            "values": [
                "_lift_"
            ]
        },
        "_mce_": {
            "label": "Misclassification Rate",
            "length": 8,
            "order": 21,
            "parameter": "_mce_",
            "preformatted": false,
            "type": "num",
            "values": [
                "_mce_"
            ]
        },
        "_mcll_": {
            "label": "Multi-Class Log Loss",
            "length": 8,
            "order": 24,
            "parameter": "_mcll_",
            "preformatted": false,
            "type": "num",
            "values": [
                "_mcll_"
            ]
        },
        "_misccutoff_": {
            "label": "Misclassification at Cutoff",
            "length": 8,
            "order": 19,
            "parameter": "_misccutoff_",
            "preformatted": false,
            "type": "num",
            "values": [
                "_misccutoff_"
            ]
        },
        "_miscks_": {
            "label": "Misclassification Rate at KS Cutoff (Event)",
            "length": 8,
            "order": 20,
            "parameter": "_miscks_",
            "preformatted": false,
            "type": "num",
            "values": [
                "_miscks_"
            ]
        },
        "_nobs_": {
            "label": "Number of Observations",
            "length": 8,
            "order": 5,
            "parameter": "_nobs_",
            "preformatted": false,
            "type": "num",
            "values": [
                "_nobs_"
            ]
        },
        "_rase_": {
            "label": "Root Average Squared Error",
            "length": 8,
            "order": 23,
            "parameter": "_rase_",
            "preformatted": false,
            "type": "num",
            "values": [
                "_rase_"
            ]
        },
        "_resp_": {
            "label": "Captured Response Percentage",
            "length": 8,
            "order": 29,
            "parameter": "_resp_",
            "preformatted": false,
            "type": "num",
            "values": [
                "_resp_"
            ]
        },
        "_tn_": {
            "label": "True Negative",
            "length": 8,
            "order": 8,
            "parameter": "_tn_",
            "preformatted": false,
            "type": "num",
            "values": [
                "_tn_"
            ]
        },
        "_tnr_": {
            "label": "True Negative Rate",
            "length": 8,
            "order": 12,
            "parameter": "_tnr_",
            "preformatted": false,
            "type": "num",
            "values": [
                "_tnr_"
            ]
        },
        "_tp_": {
            "label": "True Positive",
            "length": 8,
            "order": 6,
            "parameter": "_tp_",
            "preformatted": false,
            "type": "num",
            "values": [
                "_tp_"
            ]
        },
        "_tpr_": {
            "label": "True Positive Rate",
            "length": 8,
            "order": 10,
            "parameter": "_tpr_",
            "preformatted": false,
            "type": "num",
            "values": [
                "_tpr_"
            ]
        },
        "P_BAD1": {
            "label": "P_BAD1",
            "length": 8,
            "order": 34,
            "parameter": "P_BAD1",
            "preformatted": false,
            "type": "num",
            "values": [
                "P_BAD1"
            ]
        },
        "P_BAD0": {
            "label": "P_BAD0",
            "length": 8,
            "order": 35,
            "parameter": "P_BAD0",
            "preformatted": false,
            "type": "num",
            "values": [
                "P_BAD0"
            ]
        }
    },
    "data": [
        {
            "dataMap": {
                "INTO_EVENT": 0.0516795865633,
                "LEVEL": "Mgr",
                "PREDICTED_EVENT": 0.10435578012991,
                "P_BAD0": 0.89564421987008,
                "P_BAD1": 0.10435578012991,
                "VLABEL": "",
                "_DATAROLE_": "TEST",
                "_VARIABLE_": "JOB",
                "_acc_": 0.94056847545219,
                "_ase_": 0.05169006508026,
                "_c_": 0.81950514591851,
                "_cumlift_": 5.76219512195122,
                "_cumresp_": 57.6219512195122,
                "_f1_": 0.62295081967213,
                "_fdr_": 0.05,
                "_fn_": 22.0,
                "_fnr_": 0.53658536585365,
                "_fp_": 1.0,
                "_fpr_": 0.0028901734104,
                "_gain_": 4.76219512195121,
                "_gini_": 0.63901029183702,
                "_ks_": 0.54074439588326,
                "_kscut_": 0.46052446073593,
                "_lift_": 2.25609756097561,
                "_mce_": 0.0594315245478,
                "_mcll_": 0.2055724001473,
                "_misccutoff_": 0.0594315245478,
                "_miscks_": 0.06459948320413,
                "_nobs_": 387.0,
                "_rase_": 0.22735449210486,
                "_resp_": 11.280487804878,
                "_tn_": 345.0,
                "_tnr_": 0.99710982658959,
                "_tp_": 19.0,
                "_tpr_": 0.46341463414634
            },
            "rowNumber": 1
        },
        {
            "dataMap": {
                "INTO_EVENT": 0.03937007874015,
                "LEVEL": "Office",
                "PREDICTED_EVENT": 0.08761117212596,
                "P_BAD0": 0.91238882787403,
                "P_BAD1": 0.08761117212596,
                "VLABEL": "",
                "_DATAROLE_": "TEST",
                "_VARIABLE_": "JOB",
                "_acc_": 0.95275590551181,
                "_ase_": 0.03782373641529,
                "_c_": 0.80409663865546,
                "_cumlift_": 6.51315789473684,
                "_cumresp_": 65.1315789473684,
                "_f1_": 0.53846153846153,
                "_fdr_": 0.3,
                "_fn_": 18.0,
                "_fnr_": 0.5625,
                "_fp_": 6.0,
                "_fpr_": 0.0126050420168,
                "_gain_": 5.51315789473684,
                "_gini_": 0.60819327731092,
                "_ks_": 0.59348739495798,
                "_kscut_": 0.42489495798319,
                "_lift_": 1.77631578947368,
                "_mce_": 0.04724409448818,
                "_mcll_": 0.15566178112263,
                "_misccutoff_": 0.04724409448818,
                "_miscks_": 0.05314960629921,
                "_nobs_": 508.0,
                "_rase_": 0.19448325484549,
                "_resp_": 8.88157894736842,
                "_tn_": 470.0,
                "_tnr_": 0.98739495798319,
                "_tp_": 14.0,
                "_tpr_": 0.4375
            },
            "rowNumber": 2
        },
        {
            "dataMap": {
                "INTO_EVENT": 0.04752851711026,
                "LEVEL": "Other",
                "PREDICTED_EVENT": 0.09740591256774,
                "P_BAD0": 0.90259408743225,
                "P_BAD1": 0.09740591256774,
                "VLABEL": "",
                "_DATAROLE_": "TEST",
                "_VARIABLE_": "JOB",
                "_acc_": 0.93250950570342,
                "_ase_": 0.05880150297049,
                "_c_": 0.80032420104234,
                "_cumlift_": 5.28761061946902,
                "_cumresp_": 52.8761061946902,
                "_f1_": 0.56441717791411,
                "_fdr_": 0.08,
                "_fn_": 67.0,
                "_fnr_": 0.5929203539823,
                "_fp_": 4.0,
                "_fpr_": 0.00425985090521,
                "_gain_": 4.28761061946902,
                "_gini_": 0.60064840208468,
                "_ks_": 0.48239041722035,
                "_kscut_": 0.40281979511248,
                "_lift_": 2.1858407079646,
                "_mce_": 0.06749049429657,
                "_mcll_": 0.22572809445182,
                "_misccutoff_": 0.06749049429657,
                "_miscks_": 0.07984790874524,
                "_nobs_": 1052.0,
                "_rase_": 0.24249021211276,
                "_resp_": 10.929203539823,
                "_tn_": 935.0,
                "_tnr_": 0.99574014909478,
                "_tp_": 46.0,
                "_tpr_": 0.40707964601769
            },
            "rowNumber": 3
        },
        {
            "dataMap": {
                "INTO_EVENT": 0.03763440860215,
                "LEVEL": "ProfExe",
                "PREDICTED_EVENT": 0.085610732379,
                "P_BAD0": 0.91438926762099,
                "P_BAD1": 0.085610732379,
                "VLABEL": "",
                "_DATAROLE_": "TEST",
                "_VARIABLE_": "JOB",
                "_acc_": 0.96505376344086,
                "_ase_": 0.03230477029822,
                "_c_": 0.84100912506709,
                "_cumlift_": 6.85185185185185,
                "_cumresp_": 68.5185185185185,
                "_f1_": 0.68292682926829,
                "_fdr_": 0.0,
                "_fn_": 26.0,
                "_fnr_": 0.48148148148148,
                "_fp_": 0.0,
                "_fpr_": 0.0,
                "_gain_": 5.85185185185185,
                "_gini_": 0.68201825013419,
                "_ks_": 0.64492753623188,
                "_kscut_": 0.51851851851851,
                "_lift_": 2.34567901234567,
                "_mce_": 0.03494623655913,
                "_mcll_": 0.1399460656627,
                "_misccutoff_": 0.03494623655913,
                "_miscks_": 0.04435483870967,
                "_nobs_": 744.0,
                "_rase_": 0.1797352783908,
                "_resp_": 11.7283950617283,
                "_tn_": 690.0,
                "_tnr_": 1.0,
                "_tp_": 28.0,
                "_tpr_": 0.51851851851851
            },
            "rowNumber": 4
        },
        {
            "dataMap": {
                "INTO_EVENT": 0.0566037735849,
                "LEVEL": "Sales",
                "PREDICTED_EVENT": 0.09236801234861,
                "P_BAD0": 0.90763198765138,
                "P_BAD1": 0.09236801234861,
                "VLABEL": "",
                "_DATAROLE_": "TEST",
                "_VARIABLE_": "JOB",
                "_acc_": 0.81132075471698,
                "_ase_": 0.16895147848877,
                "_c_": 0.8076923076923,
                "_cumlift_": 4.61538461538461,
                "_cumresp_": 46.1538461538461,
                "_f1_": 0.375,
                "_fdr_": 0.0,
                "_fn_": 10.0,
                "_fnr_": 0.76923076923076,
                "_fp_": 0.0,
                "_fpr_": 0.0,
                "_gain_": 3.61538461538461,
                "_gini_": 0.61538461538461,
                "_ks_": 0.61538461538461,
                "_kscut_": 0.23076923076923,
                "_lift_": 4.61538461538461,
                "_mce_": 0.18867924528301,
                "_mcll_": 0.58550922968931,
                "_misccutoff_": 0.18867924528301,
                "_miscks_": 0.0943396226415,
                "_nobs_": 53.0,
                "_rase_": 0.41103707678112,
                "_resp_": 23.076923076923,
                "_tn_": 40.0,
                "_tnr_": 1.0,
                "_tp_": 3.0,
                "_tpr_": 0.23076923076923
            },
            "rowNumber": 5
        },
        {
            "dataMap": {
                "INTO_EVENT": 0.06521739130434,
                "LEVEL": "Self",
                "PREDICTED_EVENT": 0.09833617482614,
                "P_BAD0": 0.90166382517385,
                "P_BAD1": 0.09833617482614,
                "VLABEL": "",
                "_DATAROLE_": "TEST",
                "_VARIABLE_": "JOB",
                "_acc_": 0.93478260869565,
                "_ase_": 0.05375452847406,
                "_c_": 0.875,
                "_cumlift_": 7.53012048192771,
                "_cumresp_": 75.3012048192771,
                "_f1_": 0.66666666666666,
                "_fdr_": 0.0,
                "_fn_": 6.0,
                "_fnr_": 0.5,
                "_fp_": 0.0,
                "_fpr_": 0.0,
                "_gain_": 6.53012048192771,
                "_gini_": 0.75,
                "_ks_": 0.75,
                "_kscut_": 0.5,
                "_lift_": 6.72690763052208,
                "_mce_": 0.06521739130434,
                "_mcll_": 0.19975516990486,
                "_misccutoff_": 0.06521739130434,
                "_miscks_": 0.03260869565217,
                "_nobs_": 92.0,
                "_rase_": 0.23185022854003,
                "_resp_": 33.6345381526104,
                "_tn_": 80.0,
                "_tnr_": 1.0,
                "_tp_": 6.0,
                "_tpr_": 0.5
            },
            "rowNumber": 6
        },
        {
            "dataMap": {
                "INTO_EVENT": 0.04666666666666,
                "LEVEL": "DebtCon",
                "PREDICTED_EVENT": 0.09624799802482,
                "P_BAD0": 0.90375200197517,
                "P_BAD1": 0.09624799802482,
                "VLABEL": "",
                "_DATAROLE_": "TEST",
                "_VARIABLE_": "REASON",
                "_acc_": 0.94615384615384,
                "_ase_": 0.04882467024462,
                "_c_": 0.81088041431261,
                "_cumlift_": 5.82375478927203,
                "_cumresp_": 58.2375478927203,
                "_f1_": 0.61254612546125,
                "_fdr_": 0.08791208791208,
                "_fn_": 97.0,
                "_fnr_": 0.53888888888888,
                "_fp_": 8.0,
                "_fpr_": 0.00451977401129,
                "_gain_": 4.82375478927203,
                "_gini_": 0.62176082862523,
                "_ks_": 0.53032015065913,
                "_kscut_": 0.45659133709981,
                "_lift_": 2.19652918638719,
                "_mce_": 0.05384615384615,
                "_mcll_": 0.19383449195481,
                "_misccutoff_": 0.05384615384615,
                "_miscks_": 0.08205128205128,
                "_nobs_": 1950.0,
                "_rase_": 0.22096305176347,
                "_resp_": 10.9826459319359,
                "_tn_": 1762.0,
                "_tnr_": 0.9954802259887,
                "_tp_": 83.0,
                "_tpr_": 0.46111111111111
            },
            "rowNumber": 7
        },
        {
            "dataMap": {
                "INTO_EVENT": 0.04063205417607,
                "LEVEL": "HomeImp",
                "PREDICTED_EVENT": 0.08726456416658,
                "P_BAD0": 0.91273543583341,
                "P_BAD1": 0.08726456416658,
                "VLABEL": "",
                "_DATAROLE_": "TEST",
                "_VARIABLE_": "REASON",
                "_acc_": 0.93792325056433,
                "_ase_": 0.04944038545638,
                "_c_": 0.82650363516193,
                "_cumlift_": 5.8016806722689,
                "_cumresp_": 58.016806722689,
                "_f1_": 0.54545454545454,
                "_fdr_": 0.08333333333333,
                "_fn_": 52.0,
                "_fnr_": 0.61176470588235,
                "_fp_": 3.0,
                "_fpr_": 0.00374531835205,
                "_gain_": 4.8016806722689,
                "_gini_": 0.65300727032385,
                "_ks_": 0.54320334875523,
                "_kscut_": 0.38448997576558,
                "_lift_": 1.86218487394958,
                "_mce_": 0.06207674943566,
                "_mcll_": 0.19373672390133,
                "_misccutoff_": 0.06207674943566,
                "_miscks_": 0.21331828442437,
                "_nobs_": 886.0,
                "_rase_": 0.22235194052759,
                "_resp_": 9.31092436974789,
                "_tn_": 798.0,
                "_tnr_": 0.99625468164794,
                "_tp_": 33.0,
                "_tpr_": 0.38823529411764
            },
            "rowNumber": 8
        }
    ],
    "xInteger": false,
    "yInteger": false
}