[
    {
        "name": "JOB",
        "level": "nominal",
        "type": "string",
        "length": 7
    },
    {
        "name": "REASON",
        "level": "nominal",
        "type": "string",
        "length": 7
    },
    {
        "name": "CLAGE",
        "level": "interval",
        "type": "decimal",
        "length": 8
    },
    {
        "name": "CLNO",
        "level": "interval",
        "type": "decimal",
        "length": 8
    },
    {
        "name": "DEBTINC",
        "level": "interval",
        "type": "decimal",
        "length": 8
    },
    {
        "name": "DELINQ",
        "level": "interval",
        "type": "decimal",
        "length": 8
    },
    {
        "name": "DEROG",
        "level": "interval",
        "type": "decimal",
        "length": 8
    },
    {
        "name": "NINQ",
        "level": "interval",
        "type": "decimal",
        "length": 8
    },
    {
        "name": "YOJ",
        "level": "interval",
        "type": "decimal",
        "length": 8
    }
]