{
    "name": "Home Equity Loan Classification Tree",
    "description": "Description for Home Equity Loan Classification Tree model",
    "scoreCodeType": "python",
    "trainTable": "cas-shared-default/Public/HMEQCLASSTREE_TRAIN_DATA",
    "trainCodeType": "Python",
    "algorithm": "Decision Tree",
    "function": "classification",
    "targetVariable": "BAD",
    "targetEvent": "0",
    "targetLevel": "Binary",
    "eventProbVar": "P_0",
    "modeler": "sasdemo",
    "tool": "Python 3",
    "toolVersion": "3.9.13",
    "properties": [],
    "eventPercentage": "0.09280677009873",
    "selectionStatistic": "_KS_",
    "selectionStatisticValue": "1.0"
}