{
  "name": "dmcas_lift",
  "revision": 0,
  "order": 0,
  "parameterMap": {
    "_DataRole_": {
      "parameter": "_DataRole_",
      "type": "char",
      "label": "Data Role",
      "length": 10,
      "order": 1,
      "values": ["_DataRole_"],
      "preformatted": false
    },
    "_PartInd_": {
      "parameter": "_PartInd_",
      "type": "num",
      "label": "Partition Indicator",
      "length": 8,
      "order": 2,
      "values": ["_PartInd_"],
      "preformatted": false
    },
    "_PartInd__f": {
      "parameter": "_PartInd__f",
      "type": "char",
      "label": "Formatted Partition",
      "length": 12,
      "order": 3,
      "values": ["_PartInd__f"],
      "preformatted": false
    },
    "_Column_": {
      "parameter": "_Column_",
      "type": "char",
      "label": "Analysis Variable",
      "length": 32,
      "order": 4,
      "values": ["_Column_"],
      "preformatted": false
    },
    "_Event_": {
      "parameter": "_Event_",
      "type": "char",
      "label": "Event",
      "length": 1,
      "order": 5,
      "values": ["_Event_"],
      "preformatted": false
    },
    "_Depth_": {
      "parameter": "_Depth_",
      "type": "num",
      "label": "Depth",
      "length": 8,
      "order": 7,
      "values": ["_Depth_"],
      "preformatted": false
    },
    "_NObs_": {
      "parameter": "_NObs_",
      "type": "num",
      "label": "Sum of Frequencies",
      "length": 8,
      "order": 8,
      "values": ["_NObs_"],
      "preformatted": false
    },
    "_Gain_": {
      "parameter": "_Gain_",
      "type": "num",
      "label": "Gain",
      "length": 8,
      "order": 9,
      "values": ["_Gain_"],
      "preformatted": false
    },
    "_Resp_": {
      "parameter": "_Resp_",
      "type": "num",
      "label": "% Captured Response",
      "length": 8,
      "order": 10,
      "values": ["_Resp_"],
      "preformatted": false
    },
    "_CumResp_": {
      "parameter": "_CumResp_",
      "type": "num",
      "label": "Cumulative % Captured Response",
      "length": 8,
      "order": 11,
      "values": ["_CumResp_"],
      "preformatted": false
    },
    "_PctResp_": {
      "parameter": "_PctResp_",
      "type": "num",
      "label": "% Response",
      "length": 8,
      "order": 12,
      "values": ["_PctResp_"],
      "preformatted": false
    },
    "_CumPctResp_": {
      "parameter": "_CumPctResp_",
      "type": "num",
      "label": "Cumulative % Response",
      "length": 8,
      "order": 13,
      "values": ["_CumPctResp_"],
      "preformatted": false
    },
    "_Lift_": {
      "parameter": "_Lift_",
      "type": "num",
      "label": "Lift",
      "length": 8,
      "order": 14,
      "values": ["_Lift_"],
      "preformatted": false
    },
    "_CumLift_": {
      "parameter": "_CumLift_",
      "type": "num",
      "label": "Cumulative Lift",
      "length": 8,
      "order": 15,
      "values": ["_CumLift_"],
      "preformatted": false
    }
  },
  "data": [
      {
        "dataMap": {
          "_DataRole_": "TRAIN",
          "_PartInd_": 1,
          "_PartInd__f": "           1",
          "_Column_": "Maintenance_flag",
          "_Event_": 1,
          "_Depth_": 10.0079957356077,
          "_NObs_": 751,
          "_Gain_": 485,
          "_Resp_": 31.5755208333333,
          "_CumResp_": 31.5755208333333,
          "_PctResp_": 64.5805592543276,
          "_CumPctResp_": 64.5805592543276,
          "_Lift_": 3.1550294052375,
          "_CumLift_": 3.1550294052375
        },
        "rowNumber": 1
      },
      {
        "dataMap": {
          "_DataRole_": "TRAIN",
          "_PartInd_": 1,
          "_PartInd__f": "           1",
          "_Column_": "Maintenance_flag",
          "_Event_": 1,
          "_Depth_": 20.0026652452026,
          "_NObs_": 750,
          "_Gain_": 443,
          "_Resp_": 28.8411458333333,
          "_CumResp_": 60.4166666666667,
          "_PctResp_": 59.0666666666667,
          "_CumPctResp_": 61.8254497001999,
          "_Lift_": 2.8856527777778,
          "_CumLift_": 3.0204308238952
        },
        "rowNumber": 2
      },
      {
        "dataMap": {
          "_DataRole_": "TRAIN",
          "_PartInd_": 1,
          "_PartInd__f": "           1",
          "_Column_": "Maintenance_flag",
          "_Event_": 1,
          "_Depth_": 29.9573560767591,
          "_NObs_": 747,
          "_Gain_": 405,
          "_Resp_": 26.3671875,
          "_CumResp_": 86.7838541666667,
          "_PctResp_": 54.2168674698795,
          "_CumPctResp_": 59.297153024911,
          "_Lift_": 2.6487198795181,
          "_CumLift_": 2.8969129967378
        },
        "rowNumber": 3
      },
      {
        "dataMap": {
          "_DataRole_": "TRAIN",
          "_PartInd_": 1,
          "_PartInd__f": "           1",
          "_Column_": "Maintenance_flag",
          "_Event_": 1,
          "_Depth_": 39.8454157782516,
          "_NObs_": 742,
          "_Gain_": 203,
          "_Resp_": 13.2161458333333,
          "_CumResp_": 100,
          "_PctResp_": 27.3584905660377,
          "_CumPctResp_": 51.371237458194,
          "_Lift_": 1.3365762578616,
          "_CumLift_": 2.5096989966555
        },
        "rowNumber": 4
      },
      {
        "dataMap": {
          "_DataRole_": "TRAIN",
          "_PartInd_": 1,
          "_PartInd__f": "           1",
          "_Column_": "Maintenance_flag",
          "_Event_": 1,
          "_Depth_": 49.9067164179104,
          "_NObs_": 755,
          "_Gain_": 0,
          "_Resp_": 0,
          "_CumResp_": 100,
          "_PctResp_": 0,
          "_CumPctResp_": 41.0146862483311,
          "_Lift_": 0,
          "_CumLift_": 2.003738317757
        },
        "rowNumber": 5
      },
      {
        "dataMap": {
          "_DataRole_": "TRAIN",
          "_PartInd_": 1,
          "_PartInd__f": "           1",
          "_Column_": "Maintenance_flag",
          "_Event_": 1,
          "_Depth_": 59.8480810234542,
          "_NObs_": 746,
          "_Gain_": 0,
          "_Resp_": 0,
          "_CumResp_": 100,
          "_PctResp_": 0,
          "_CumPctResp_": 34.2017368069472,
          "_Lift_": 0,
          "_CumLift_": 1.6708973502561
        },
        "rowNumber": 6
      },
      {
        "dataMap": {
          "_DataRole_": "TRAIN",
          "_PartInd_": 1,
          "_PartInd__f": "           1",
          "_Column_": "Maintenance_flag",
          "_Event_": 1,
          "_Depth_": 67.8971215351812,
          "_NObs_": 604,
          "_Gain_": 0,
          "_Resp_": 0,
          "_CumResp_": 100,
          "_PctResp_": 0,
          "_CumPctResp_": 30.1472031403337,
          "_Lift_": 0,
          "_CumLift_": 1.4728164867517
        },
        "rowNumber": 7
      },
      {
        "dataMap": {
          "_DataRole_": "TRAIN",
          "_PartInd_": 1,
          "_PartInd__f": "           1",
          "_Column_": "Maintenance_flag",
          "_Event_": 1,
          "_Depth_": 79.9040511727079,
          "_NObs_": 901,
          "_Gain_": 0,
          "_Resp_": 0,
          "_CumResp_": 100,
          "_PctResp_": 0,
          "_CumPctResp_": 25.6170780520347,
          "_Lift_": 0,
          "_CumLift_": 1.2515010006671
        },
        "rowNumber": 8
      },
      {
        "dataMap": {
          "_DataRole_": "TRAIN",
          "_PartInd_": 1,
          "_PartInd__f": "           1",
          "_Column_": "Maintenance_flag",
          "_Event_": 1,
          "_Depth_": 89.8054371002132,
          "_NObs_": 743,
          "_Gain_": 0,
          "_Resp_": 0,
          "_CumResp_": 100,
          "_PctResp_": 0,
          "_CumPctResp_": 22.7926992135332,
          "_Lift_": 0,
          "_CumLift_": 1.1135183261612
        },
        "rowNumber": 9
      },
      {
        "dataMap": {
          "_DataRole_": "TRAIN",
          "_PartInd_": 1,
          "_PartInd__f": "           1",
          "_Column_": "Maintenance_flag",
          "_Event_": 1,
          "_Depth_": 100,
          "_NObs_": 765,
          "_Gain_": 0,
          "_Resp_": 0,
          "_CumResp_": 100,
          "_PctResp_": 0,
          "_CumPctResp_": 20.4690831556503,
          "_Lift_": 0,
          "_CumLift_": 1
        },
        "rowNumber": 10
      }
    ],
  "version": 1,
  "xInteger": false,
  "yInteger": false
}
