[
    {
        "name": "MEANRADIUS",
        "level": "interval",
        "type": "decimal",
        "length": 8
    },
    {
        "name": "MEANTEXTURE",
        "level": "interval",
        "type": "decimal",
        "length": 8
    },
    {
        "name": "MEANPERIMETER",
        "level": "interval",
        "type": "decimal",
        "length": 8
    },
    {
        "name": "MEANAREA",
        "level": "interval",
        "type": "decimal",
        "length": 8
    },
    {
        "name": "MEANSMOOTHNESS",
        "level": "interval",
        "type": "decimal",
        "length": 8
    },
    {
        "name": "MEANCOMPACTNESS",
        "level": "interval",
        "type": "decimal",
        "length": 8
    },
    {
        "name": "MEANCONCAVITY",
        "level": "interval",
        "type": "decimal",
        "length": 8
    },
    {
        "name": "MEANCONCAVEPOINTS",
        "level": "interval",
        "type": "decimal",
        "length": 8
    },
    {
        "name": "MEANSYMMETRY",
        "level": "interval",
        "type": "decimal",
        "length": 8
    },
    {
        "name": "MEANFRACTALDIMENSIONS",
        "level": "interval",
        "type": "decimal",
        "length": 8
    },
    {
        "name": "RADIUSERROR",
        "level": "interval",
        "type": "decimal",
        "length": 8
    },
    {
        "name": "TEXTUREERROR",
        "level": "interval",
        "type": "decimal",
        "length": 8
    },
    {
        "name": "PERIMETERERROR",
        "level": "interval",
        "type": "decimal",
        "length": 8
    },
    {
        "name": "AREAERROR",
        "level": "interval",
        "type": "decimal",
        "length": 8
    },
    {
        "name": "SMOOTHNESSERROR",
        "level": "interval",
        "type": "decimal",
        "length": 8
    },
    {
        "name": "COMPACTNESSERROR",
        "level": "interval",
        "type": "decimal",
        "length": 8
    },
    {
        "name": "CONCAVITYERROR",
        "level": "interval",
        "type": "decimal",
        "length": 8
    },
    {
        "name": "CONCAVEPOINTSERROR",
        "level": "interval",
        "type": "decimal",
        "length": 8
    },
    {
        "name": "SYMMETRYERROR",
        "level": "interval",
        "type": "decimal",
        "length": 8
    },
    {
        "name": "FRACTALDIMENSIONERROR",
        "level": "interval",
        "type": "decimal",
        "length": 8
    },
    {
        "name": "WORSTRADIUS",
        "level": "interval",
        "type": "decimal",
        "length": 8
    },
    {
        "name": "WORSTTEXTURE",
        "level": "interval",
        "type": "decimal",
        "length": 8
    },
    {
        "name": "WORSTPERIMETER",
        "level": "interval",
        "type": "decimal",
        "length": 8
    },
    {
        "name": "WORSTAREA",
        "level": "interval",
        "type": "decimal",
        "length": 8
    },
    {
        "name": "WORSTSMOOTHNESS",
        "level": "interval",
        "type": "decimal",
        "length": 8
    },
    {
        "name": "WORSTCOMPACTNESS",
        "level": "interval",
        "type": "decimal",
        "length": 8
    },
    {
        "name": "WORSTCONCAVITY",
        "level": "interval",
        "type": "decimal",
        "length": 8
    },
    {
        "name": "WORSTCONCAVEPOINTS",
        "level": "interval",
        "type": "decimal",
        "length": 8
    },
    {
        "name": "WORSTSYMMETRY",
        "level": "interval",
        "type": "decimal",
        "length": 8
    },
    {
        "name": "WORSTFRACTALDIMENSION",
        "level": "interval",
        "type": "decimal",
        "length": 8
    }
]