{
  "custom properties": [],
  "externalUrl": "",
  "predictionVariable": "",
  "modelVersionName": "2.0",
  "trainTable": " ",
  "trainCodeType": "R",
  "description": "Classification Tree Model: minsplit \u003d 25, maxdepth \u003d 10",
  "tool": "R",
  "toolVersion": "R version 4.0.2 (2020-06-22)",
  "targetVariable": "Maintenance_flag",
  "scoreCodeType": "ds2EmbeddedProcess",
  "externalModelId": "",
  "createdBy": "sasdemo",
  "function": "classification",
  "eventProbVar": "EM_EVENTPROBABILITY",
  "modeler": "sasdemo",
  "name": "fleet_classtree_r",
  "modifiedTimeStamp": "2021-03-10T22:26:37 UTC",
  "modifiedBy": "sasdemo",
  "id": "1768541b-ecfb-4ab4-9a51-d110df40687e",
  "creationTimeStamp": "2021-03-10T22:05:59 UTC",
  "targetEvent": "1.0",
  "targetLevel": "BINARY",
  "algorithm": "Decision tree"
}
